id,departure_location,arrival_location,departure_time,arrival_time,driver_id,trip_capacity
1,Aruna,Leventis,2022-01-04 19:28:00,2022-01-04 19:43:00,2,39
2,Costain,Abule Egba,2022-01-05 19:32:00,2022-01-05 19:47:00,1,45
3,Moshalashi,Obalende,2022-01-06 19:36:00,2022-01-06 19:51:00,12,14
4,Palm Groove,Alapere,2022-01-07 19:40:00,2022-01-07 19:55:00,1,19
5,Tollgate,Fadeyi,2022-01-08 19:44:00,2022-01-08 19:59:00,12,37
6,TBS,Costain,2022-01-09 19:48:00,2022-01-09 20:03:00,7,13
7,Alausa,Inner Marina,2022-01-10 19:52:00,2022-01-10 20:07:00,13,13
8,Yaba,Tollgate,2022-01-11 19:56:00,2022-01-11 20:11:00,7,45
9,Aruna,Alapere,2022-01-12 20:00:00,2022-01-12 20:15:00,10,40
10,Leventis,Moshalashi,2022-01-13 20:04:00,2022-01-13 20:19:00,7,41
11,Ojota,Leventis,2022-01-14 20:08:00,2022-01-14 20:23:00,5,19
12,Ketu,Oshodi,2022-01-15 20:12:00,2022-01-15 20:27:00,11,51
13,Ketu,Yaba,2022-01-16 20:16:00,2022-01-16 20:31:00,12,47
14,CMS,Lekki,2022-01-17 20:20:00,2022-01-17 20:35:00,5,17
15,Obalende,Leventis,2022-01-18 20:24:00,2022-01-18 20:39:00,10,50
16,Victoria Island,Park and Ride,2022-01-19 20:28:00,2022-01-19 20:43:00,4,15
17,Ikeja,Leventis,2022-01-20 20:32:00,2022-01-20 20:47:00,14,20
18,Onipanu,Yaba,2022-01-21 20:36:00,2022-01-21 20:51:00,13,53
19,Aruna,Irawo,2022-01-22 20:40:00,2022-01-22 20:55:00,9,17
20,Tollgate,Costain,2022-01-23 20:44:00,2022-01-23 20:59:00,12,13
21,Oworo,Idera,2022-01-24 20:48:00,2022-01-24 21:03:00,14,12
22,CMS,Oworo,2022-01-25 20:52:00,2022-01-25 21:07:00,6,26
23,Barracks,Oworo,2022-01-26 20:56:00,2022-01-26 21:11:00,13,23
24,Ketu,Agric,2022-01-27 21:00:00,2022-01-27 21:15:00,9,39
25,Yaba,Oshodi,2022-01-28 21:04:00,2022-01-28 21:19:00,3,46
26,Inner Marina,Oshodi,2022-01-29 21:08:00,2022-01-29 21:23:00,1,48
27,Obalende,Aruna,2022-01-30 21:12:00,2022-01-30 21:27:00,4,31
28,TBS,Irawo,2022-01-31 21:16:00,2022-01-31 21:31:00,4,34
29,Ajah,TBS,2022-02-01 21:20:00,2022-02-01 21:35:00,10,13
30,Onipanu,Moshalashi,2022-02-02 21:24:00,2022-02-02 21:39:00,14,48
31,Obalende,Ikeja,2022-02-03 21:28:00,2022-02-03 21:43:00,14,54
32,Agric,Barracks,2022-02-04 21:32:00,2022-02-04 21:47:00,7,46
33,Abule Egba,Stadium,2022-02-05 21:36:00,2022-02-05 21:51:00,3,14
34,Barracks,Ketu,2022-02-06 21:40:00,2022-02-06 21:55:00,14,32
35,Inner Marina,Ajah,2022-02-07 21:44:00,2022-02-07 21:59:00,4,36
36,Berger,Alausa,2022-02-08 21:48:00,2022-02-08 22:03:00,14,13
37,CMS,Tollgate,2022-02-09 21:52:00,2022-02-09 22:07:00,3,38
38,Oworo,Lekki,2022-02-10 21:56:00,2022-02-10 22:11:00,13,21
39,Inner Marina,Ketu,2022-02-11 22:00:00,2022-02-11 22:15:00,12,47
40,Alausa,Ketu,2022-02-12 22:04:00,2022-02-12 22:19:00,14,45
41,TBS,Ojota,2022-02-13 22:08:00,2022-02-13 22:23:00,12,36
42,Lekki,Tollgate,2022-02-14 22:12:00,2022-02-14 22:27:00,11,49
43,Moshalashi,Idera,2022-02-15 22:16:00,2022-02-15 22:31:00,2,42
44,Onipanu,Fadeyi,2022-02-16 22:20:00,2022-02-16 22:35:00,6,46
45,Victoria Island,Idera,2022-02-17 22:24:00,2022-02-17 22:39:00,13,41
46,CMS,Idera,2022-02-18 22:28:00,2022-02-18 22:43:00,13,15
47,Lekki,Ajah,2022-02-19 22:32:00,2022-02-19 22:47:00,3,44
48,Costain,Oshodi,2022-02-20 22:36:00,2022-02-20 22:51:00,9,27
49,Alausa,Alapere,2022-02-21 22:40:00,2022-02-21 22:55:00,1,32
50,Yaba,Oworo,2022-02-22 22:44:00,2022-02-22 22:59:00,5,47
51,Oshodi,Lekki,2022-02-23 22:48:00,2022-02-23 23:03:00,14,35
52,Obalende,Inner Marina,2022-02-24 22:52:00,2022-02-24 23:07:00,14,36
53,Fadeyi,Costain,2022-02-25 22:56:00,2022-02-25 23:11:00,7,15
54,Ojota,Obalende,2022-02-26 23:00:00,2022-02-26 23:15:00,6,12
55,Ketu,TBS,2022-02-27 23:04:00,2022-02-27 23:19:00,4,18
56,Lekki,Ojota,2022-02-28 23:08:00,2022-02-28 23:23:00,9,36
57,Idera,Leventis,2022-03-01 23:12:00,2022-03-01 23:27:00,2,42
58,Idera,Leventis,2022-03-02 23:16:00,2022-03-02 23:31:00,2,50
59,Tollgate,Ikeja,2022-03-03 23:20:00,2022-03-03 23:35:00,14,50
60,Palm Groove,Park and Ride,2022-03-04 23:24:00,2022-03-04 23:39:00,5,27
61,Stadium,Park and Ride,2022-03-05 23:28:00,2022-03-05 23:43:00,14,50
62,Obalende,Alapere,2022-03-06 23:32:00,2022-03-06 23:47:00,9,22
63,Idera,Abule Egba,2022-03-07 23:36:00,2022-03-07 23:51:00,6,39
64,Palm Groove,Onipanu,2022-03-08 23:40:00,2022-03-08 23:55:00,3,50
65,Ojota,Leventis,2022-03-09 23:44:00,2022-03-09 23:59:00,1,32
66,Tollgate,Barracks,2022-03-10 00:03:00,2022-03-10 23:48:00,7,39
67,Ojota,Leventis,2022-03-11 00:07:00,2022-03-11 23:52:00,12,21
68,Tollgate,Alausa,2022-03-12 00:11:00,2022-03-12 23:56:00,5,32
69,Ikeja,Inner Marina,2022-03-13 00:00:00,2022-03-13 00:15:00,7,19
70,Yaba,CMS,2022-03-14 00:04:00,2022-03-14 00:19:00,8,50
71,Obalende,Leventis,2022-03-15 00:08:00,2022-03-15 00:23:00,10,25
72,Berger,Barracks,2022-03-16 00:12:00,2022-03-16 00:27:00,2,55
73,CMS,Irawo,2022-03-17 00:16:00,2022-03-17 00:31:00,12,10
74,Irawo,Ajah,2022-03-18 00:20:00,2022-03-18 00:35:00,12,55
75,Iyana Ipaja,Palm Groove,2022-03-19 00:24:00,2022-03-19 00:39:00,13,41
76,Tollgate,Alausa,2022-03-20 00:28:00,2022-03-20 00:43:00,14,11
77,Lekki,Palm Groove,2022-03-21 00:32:00,2022-03-21 00:47:00,7,53
78,Aruna,Ikeja,2022-03-22 00:36:00,2022-03-22 00:51:00,5,42
79,Palm Groove,Alapere,2022-03-23 00:40:00,2022-03-23 00:55:00,8,50
80,Moshalashi,Ajah,2022-03-24 00:44:00,2022-03-24 00:59:00,7,41
81,Idera,Irawo,2022-03-25 00:48:00,2022-03-25 01:03:00,7,48
82,Fadeyi,Ojota,2022-03-26 00:52:00,2022-03-26 01:07:00,4,30
83,Ojota,Tollgate,2022-03-27 00:56:00,2022-03-27 01:11:00,2,40
84,Moshalashi,Lekki,2022-03-28 01:00:00,2022-03-28 01:15:00,10,35
85,Stadium,Obalende,2022-03-29 01:04:00,2022-03-29 01:19:00,10,12
86,Agric,Inner Marina,2022-03-30 01:08:00,2022-03-30 01:23:00,7,38
87,Agric,Idera,2022-03-31 01:12:00,2022-03-31 01:27:00,11,54
88,Idera,Aruna,2022-04-01 01:16:00,2022-04-01 01:31:00,9,31
89,TBS,CMS,2022-04-02 01:20:00,2022-04-02 01:35:00,12,46
90,Leventis,Berger,2022-04-03 01:24:00,2022-04-03 01:39:00,13,16
91,Iyana Ipaja,Inner Marina,2022-04-04 01:28:00,2022-04-04 01:43:00,3,38
92,Leventis,Alausa,2022-04-05 01:32:00,2022-04-05 01:47:00,6,47
93,Inner Marina,Palm Groove,2022-04-06 01:36:00,2022-04-06 01:51:00,3,24
94,CMS,Palm Groove,2022-04-07 01:40:00,2022-04-07 01:55:00,14,20
95,Victoria Island,Oworo,2022-04-08 01:44:00,2022-04-08 01:59:00,10,28
96,Fadeyi,Inner Marina,2022-04-09 01:48:00,2022-04-09 02:03:00,13,46
97,Alausa,Obalende,2022-04-10 01:52:00,2022-04-10 02:07:00,6,50
98,Yaba,Palm Groove,2022-04-11 01:56:00,2022-04-11 02:11:00,14,35
99,Agric,Abule Egba,2022-04-12 02:00:00,2022-04-12 02:15:00,2,25
100,Ajah,Obalende,2022-04-13 02:04:00,2022-04-13 02:19:00,9,26
101,CMS,Oshodi,2022-04-14 02:08:00,2022-04-14 02:23:00,1,24
102,Onipanu,Aruna,2022-04-15 02:12:00,2022-04-15 02:27:00,12,35
103,Aruna,Abule Egba,2022-04-16 02:16:00,2022-04-16 02:31:00,13,11
104,Fadeyi,Park and Ride,2022-04-17 02:20:00,2022-04-17 02:35:00,8,14
105,TBS,CMS,2022-04-18 02:24:00,2022-04-18 02:39:00,2,34
106,Alapere,Ketu,2022-04-19 02:28:00,2022-04-19 02:43:00,5,53
107,Irawo,Barracks,2022-04-20 02:32:00,2022-04-20 02:47:00,14,49
108,Leventis,Barracks,2022-04-21 02:36:00,2022-04-21 02:51:00,7,37
109,Leventis,TBS,2022-04-22 02:40:00,2022-04-22 02:55:00,3,54
110,Berger,Obalende,2022-04-23 02:44:00,2022-04-23 02:59:00,11,33
111,Ikeja,Abule Egba,2022-04-24 02:48:00,2022-04-24 03:03:00,10,40
112,Yaba,Alapere,2022-04-25 02:52:00,2022-04-25 03:07:00,6,43
113,Berger,Costain,2022-04-26 02:56:00,2022-04-26 03:11:00,7,11
114,Moshalashi,Palm Groove,2022-04-27 03:00:00,2022-04-27 03:15:00,7,43
115,Berger,Park and Ride,2022-04-28 03:04:00,2022-04-28 03:19:00,12,23
116,Leventis,Lekki,2022-04-29 03:08:00,2022-04-29 03:23:00,3,47
117,Ojota,Palm Groove,2022-04-30 03:12:00,2022-04-30 03:27:00,5,16
118,Ojota,Ikeja,2022-05-01 03:16:00,2022-05-01 03:31:00,3,43
119,Oworo,Inner Marina,2022-05-02 03:20:00,2022-05-02 03:35:00,10,13
120,Leventis,Aruna,2022-05-03 03:24:00,2022-05-03 03:39:00,8,21
121,Alapere,Alausa,2022-05-04 03:28:00,2022-05-04 03:43:00,1,31
122,Victoria Island,Irawo,2022-05-05 03:32:00,2022-05-05 03:47:00,11,27
123,Ajah,Oworo,2022-05-06 03:36:00,2022-05-06 03:51:00,7,44
124,Agric,Moshalashi,2022-05-07 03:40:00,2022-05-07 03:55:00,10,46
125,Inner Marina,Alausa,2022-05-08 03:44:00,2022-05-08 03:59:00,10,42
126,Obalende,Oworo,2022-05-09 03:48:00,2022-05-09 04:03:00,13,53
127,Inner Marina,Costain,2022-05-10 03:52:00,2022-05-10 04:07:00,6,15
128,Inner Marina,Victoria Island,2022-05-11 03:56:00,2022-05-11 04:11:00,5,42
129,Alausa,Agric,2022-05-12 04:00:00,2022-05-12 04:15:00,6,17
130,Obalende,Ikeja,2022-05-13 04:04:00,2022-05-13 04:19:00,10,21
131,Ojota,Costain,2022-05-14 04:08:00,2022-05-14 04:23:00,13,25
132,Alapere,Palm Groove,2022-05-15 04:12:00,2022-05-15 04:27:00,14,22
133,Alapere,Barracks,2022-05-16 04:16:00,2022-05-16 04:31:00,11,39
134,Oworo,Alapere,2022-05-17 04:20:00,2022-05-17 04:35:00,8,52
135,Leventis,Iyana Ipaja,2022-05-18 04:24:00,2022-05-18 04:39:00,6,27
136,Barracks,Palm Groove,2022-05-19 04:28:00,2022-05-19 04:43:00,9,17
137,Ojota,Fadeyi,2022-05-20 04:32:00,2022-05-20 04:47:00,9,51
138,Aruna,Iyana Ipaja,2022-05-21 04:36:00,2022-05-21 04:51:00,9,18
139,Costain,Tollgate,2022-05-22 04:40:00,2022-05-22 04:55:00,3,21
140,Tollgate,Irawo,2022-05-23 04:44:00,2022-05-23 04:59:00,6,34
141,Leventis,Oworo,2022-05-24 04:48:00,2022-05-24 05:03:00,11,16
142,Yaba,Park and Ride,2022-05-25 04:52:00,2022-05-25 05:07:00,11,26
143,Palm Groove,Alapere,2022-05-26 04:56:00,2022-05-26 05:11:00,13,19
144,Agric,Alausa,2022-05-27 05:00:00,2022-05-27 05:15:00,4,34
145,Ikeja,Alausa,2022-05-28 05:04:00,2022-05-28 05:19:00,10,23
146,Alapere,Ketu,2022-05-29 05:08:00,2022-05-29 05:23:00,1,23
147,Aruna,Oshodi,2022-05-30 05:12:00,2022-05-30 05:27:00,1,18
148,Ojota,Ketu,2022-05-31 05:16:00,2022-05-31 05:31:00,13,45
149,Oworo,Victoria Island,2022-06-01 05:20:00,2022-06-01 05:35:00,9,22
150,Onipanu,Lekki,2022-06-02 05:24:00,2022-06-02 05:39:00,6,51
151,Ojota,Berger,2022-06-03 05:28:00,2022-06-03 05:43:00,12,22
152,Alausa,Fadeyi,2022-06-04 05:32:00,2022-06-04 05:47:00,8,26
153,Irawo,Palm Groove,2022-06-05 05:36:00,2022-06-05 05:51:00,8,26
154,Abule Egba,Ikeja,2022-06-06 05:40:00,2022-06-06 05:55:00,11,19
155,Iyana Ipaja,CMS,2022-06-07 05:44:00,2022-06-07 05:59:00,13,34
156,Onipanu,Abule Egba,2022-06-08 05:48:00,2022-06-08 06:03:00,12,19
157,Aruna,Berger,2022-06-09 05:52:00,2022-06-09 06:07:00,8,51
158,Berger,Palm Groove,2022-06-10 05:56:00,2022-06-10 06:11:00,2,32
159,Alausa,Iyana Ipaja,2022-06-11 06:00:00,2022-06-11 06:15:00,14,35
160,Idera,Alapere,2022-06-12 06:04:00,2022-06-12 06:19:00,1,44
161,Alausa,Ketu,2022-06-13 06:08:00,2022-06-13 06:23:00,12,21
162,Costain,Irawo,2022-06-14 06:12:00,2022-06-14 06:27:00,11,24
163,Tollgate,Oworo,2022-06-15 06:16:00,2022-06-15 06:31:00,4,23
164,Victoria Island,Iyana Ipaja,2022-06-16 06:20:00,2022-06-16 06:35:00,2,48
165,Alapere,Oshodi,2022-06-17 06:24:00,2022-06-17 06:39:00,14,11
166,Iyana Ipaja,Agric,2022-06-18 06:28:00,2022-06-18 06:43:00,6,22
167,Aruna,Leventis,2022-06-19 06:32:00,2022-06-19 06:47:00,13,40
168,Stadium,Ojota,2022-06-20 06:36:00,2022-06-20 06:51:00,4,25
169,Abule Egba,Agric,2022-06-21 06:40:00,2022-06-21 06:55:00,5,21
170,Berger,Barracks,2022-06-22 06:44:00,2022-06-22 06:59:00,5,30
171,Iyana Ipaja,Ketu,2022-06-23 06:48:00,2022-06-23 07:03:00,10,38
172,Moshalashi,Oworo,2022-06-24 06:52:00,2022-06-24 07:07:00,1,12
173,Costain,Ojota,2022-06-25 06:56:00,2022-06-25 07:11:00,14,23
174,CMS,Ketu,2022-06-26 07:00:00,2022-06-26 07:15:00,12,54
175,Onipanu,Yaba,2022-06-27 07:04:00,2022-06-27 07:19:00,1,36
176,Idera,Costain,2022-06-28 07:08:00,2022-06-28 07:23:00,9,40
177,Victoria Island,Yaba,2022-06-29 07:12:00,2022-06-29 07:27:00,7,26
178,Victoria Island,Irawo,2022-06-30 07:16:00,2022-06-30 07:31:00,14,37
179,Onipanu,Ajah,2022-07-01 07:20:00,2022-07-01 07:35:00,3,28
180,Agric,Yaba,2022-07-02 07:24:00,2022-07-02 07:39:00,7,27
181,Oshodi,Ikeja,2022-07-03 07:28:00,2022-07-03 07:43:00,11,19
182,Ajah,TBS,2022-07-04 07:32:00,2022-07-04 07:47:00,1,14
183,Tollgate,CMS,2022-07-05 07:36:00,2022-07-05 07:51:00,4,10
184,Victoria Island,CMS,2022-07-06 07:40:00,2022-07-06 07:55:00,4,19
185,Abule Egba,Inner Marina,2022-07-07 07:44:00,2022-07-07 07:59:00,5,37
186,Alausa,Onipanu,2022-07-08 07:48:00,2022-07-08 08:03:00,13,53
187,Onipanu,Abule Egba,2022-07-09 07:52:00,2022-07-09 08:07:00,3,34
188,Onipanu,Alapere,2022-07-10 07:56:00,2022-07-10 08:11:00,2,39
189,Alausa,Tollgate,2022-07-11 08:00:00,2022-07-11 08:15:00,14,51
190,Inner Marina,Yaba,2022-07-12 08:04:00,2022-07-12 08:19:00,10,24
191,Fadeyi,Stadium,2022-07-13 08:08:00,2022-07-13 08:23:00,6,19
192,Agric,Inner Marina,2022-07-14 08:12:00,2022-07-14 08:27:00,8,13
193,Victoria Island,Ketu,2022-07-15 08:16:00,2022-07-15 08:31:00,12,47
194,Abule Egba,Leventis,2022-07-16 08:20:00,2022-07-16 08:35:00,1,49
195,TBS,Stadium,2022-07-17 08:24:00,2022-07-17 08:39:00,2,11
196,Irawo,Moshalashi,2022-07-18 08:28:00,2022-07-18 08:43:00,1,33
197,Abule Egba,Ajah,2022-07-19 08:32:00,2022-07-19 08:47:00,12,18
198,Alapere,Iyana Ipaja,2022-07-20 08:36:00,2022-07-20 08:51:00,14,30
199,Agric,Park and Ride,2022-07-21 08:40:00,2022-07-21 08:55:00,10,40
200,Obalende,Iyana Ipaja,2022-07-22 08:44:00,2022-07-22 08:59:00,9,13
201,Abule Egba,Ajah,2022-07-23 08:48:00,2022-07-23 09:03:00,4,33
202,Barracks,Ikeja,2022-07-24 08:52:00,2022-07-24 09:07:00,13,39
203,Ikeja,Abule Egba,2022-07-25 08:56:00,2022-07-25 09:11:00,3,51
204,Stadium,Irawo,2022-07-26 09:00:00,2022-07-26 09:15:00,10,32
205,Irawo,Palm Groove,2022-07-27 09:04:00,2022-07-27 09:19:00,6,49
206,Ketu,Abule Egba,2022-07-28 09:08:00,2022-07-28 09:23:00,10,28
207,Barracks,Costain,2022-07-29 09:12:00,2022-07-29 09:27:00,3,14
208,Stadium,Yaba,2022-07-30 09:16:00,2022-07-30 09:31:00,11,52
209,Ketu,Yaba,2022-07-31 09:20:00,2022-07-31 09:35:00,6,27
210,Ajah,Yaba,2022-08-01 09:24:00,2022-08-01 09:39:00,4,55
211,Alapere,Costain,2022-08-02 09:28:00,2022-08-02 09:43:00,13,31
212,Barracks,Fadeyi,2022-08-03 09:32:00,2022-08-03 09:47:00,11,43
213,Alausa,Inner Marina,2022-08-04 09:36:00,2022-08-04 09:51:00,9,25
214,Fadeyi,Oshodi,2022-08-05 09:40:00,2022-08-05 09:55:00,14,16
215,Victoria Island,Ketu,2022-08-06 09:44:00,2022-08-06 09:59:00,10,20
216,Barracks,Abule Egba,2022-08-07 09:48:00,2022-08-07 10:03:00,3,36
217,Aruna,CMS,2022-08-08 09:52:00,2022-08-08 10:07:00,2,22
218,Obalende,Oshodi,2022-08-09 09:56:00,2022-08-09 10:11:00,7,33
219,TBS,Oshodi,2022-08-10 10:00:00,2022-08-10 10:15:00,8,38
220,Alapere,Alausa,2022-08-11 10:04:00,2022-08-11 10:19:00,9,36
221,CMS,Ajah,2022-08-12 10:08:00,2022-08-12 10:23:00,3,35
222,Aruna,Berger,2022-08-13 10:12:00,2022-08-13 10:27:00,13,32
223,Obalende,Agric,2022-08-14 10:16:00,2022-08-14 10:31:00,8,24
224,Ajah,Alapere,2022-08-15 10:20:00,2022-08-15 10:35:00,1,44
225,Ikeja,CMS,2022-08-16 10:24:00,2022-08-16 10:39:00,9,38
226,Alapere,Victoria Island,2022-08-17 10:28:00,2022-08-17 10:43:00,6,24
227,Abule Egba,Park and Ride,2022-08-18 10:32:00,2022-08-18 10:47:00,9,23
228,Berger,Oshodi,2022-08-19 10:36:00,2022-08-19 10:51:00,14,19
229,Victoria Island,Inner Marina,2022-08-20 10:40:00,2022-08-20 10:55:00,8,28
230,Costain,Idera,2022-08-21 10:44:00,2022-08-21 10:59:00,6,36
231,Victoria Island,Abule Egba,2022-08-22 10:48:00,2022-08-22 11:03:00,14,27
232,Costain,Idera,2022-08-23 10:52:00,2022-08-23 11:07:00,7,20
233,Agric,Inner Marina,2022-08-24 10:56:00,2022-08-24 11:11:00,7,30
234,Alapere,Aruna,2022-08-25 11:00:00,2022-08-25 11:15:00,8,31
235,Ojota,Oworo,2022-08-26 11:04:00,2022-08-26 11:19:00,3,28
236,Victoria Island,Barracks,2022-08-27 11:08:00,2022-08-27 11:23:00,3,26
237,Ketu,Barracks,2022-08-28 11:12:00,2022-08-28 11:27:00,2,50
238,Fadeyi,Iyana Ipaja,2022-08-29 11:16:00,2022-08-29 11:31:00,1,27
239,Berger,Iyana Ipaja,2022-08-30 11:20:00,2022-08-30 11:35:00,14,19
240,Fadeyi,Stadium,2022-08-31 11:24:00,2022-08-31 11:39:00,3,36
241,Obalende,Alapere,2022-09-01 11:28:00,2022-09-01 11:43:00,4,32
242,Oworo,Stadium,2022-09-02 11:32:00,2022-09-02 11:47:00,14,46
243,Ikeja,Idera,2022-09-03 11:36:00,2022-09-03 11:51:00,12,54
244,Aruna,Berger,2022-09-04 11:40:00,2022-09-04 11:55:00,11,35
245,Onipanu,Palm Groove,2022-09-05 11:44:00,2022-09-05 11:59:00,10,11
246,Onipanu,Irawo,2022-09-06 11:48:00,2022-09-06 12:03:00,7,17
247,Obalende,Park and Ride,2022-09-07 11:52:00,2022-09-07 12:07:00,13,36
248,Costain,Victoria Island,2022-09-08 11:56:00,2022-09-08 12:11:00,14,28
249,Berger,Abule Egba,2022-09-09 12:00:00,2022-09-09 12:15:00,3,13
250,Moshalashi,Irawo,2022-09-10 12:04:00,2022-09-10 12:19:00,5,43
251,Obalende,Abule Egba,2022-09-11 12:08:00,2022-09-11 12:23:00,10,46
252,Oshodi,Oworo,2022-09-12 12:12:00,2022-09-12 12:27:00,12,29
253,TBS,Oshodi,2022-09-13 12:16:00,2022-09-13 12:31:00,6,18
254,Park and Ride,Yaba,2022-09-14 12:20:00,2022-09-14 12:35:00,12,23
255,Victoria Island,Park and Ride,2022-09-15 12:24:00,2022-09-15 12:39:00,11,43
256,Berger,Ojota,2022-09-16 12:28:00,2022-09-16 12:43:00,6,11
257,Stadium,Aruna,2022-09-17 12:32:00,2022-09-17 12:47:00,14,39
258,Obalende,TBS,2022-09-18 12:36:00,2022-09-18 12:51:00,1,37
259,Lekki,Leventis,2022-09-19 12:40:00,2022-09-19 12:55:00,2,53
260,Costain,Ketu,2022-09-20 12:44:00,2022-09-20 12:59:00,8,44
261,Oshodi,Park and Ride,2022-09-21 12:48:00,2022-09-21 13:03:00,14,45
262,CMS,Abule Egba,2022-09-22 12:52:00,2022-09-22 13:07:00,11,14
263,Alapere,Iyana Ipaja,2022-09-23 12:56:00,2022-09-23 13:11:00,10,45
264,Ketu,Onipanu,2022-09-24 13:00:00,2022-09-24 13:15:00,2,46
265,Leventis,Barracks,2022-09-25 13:04:00,2022-09-25 13:19:00,1,52
266,TBS,Onipanu,2022-09-26 13:08:00,2022-09-26 13:23:00,2,34
267,TBS,Park and Ride,2022-09-27 13:12:00,2022-09-27 13:27:00,8,40
268,Ojota,Irawo,2022-09-28 13:16:00,2022-09-28 13:31:00,8,40
269,Moshalashi,Aruna,2022-09-29 13:20:00,2022-09-29 13:35:00,8,46
270,Stadium,Onipanu,2022-09-30 13:24:00,2022-09-30 13:39:00,3,33
271,Barracks,Idera,2022-10-01 13:28:00,2022-10-01 13:43:00,13,31
272,Idera,Abule Egba,2022-10-02 13:32:00,2022-10-02 13:47:00,11,30
273,Stadium,Alausa,2022-10-03 13:36:00,2022-10-03 13:51:00,7,48
274,CMS,Ojota,2022-10-04 13:40:00,2022-10-04 13:55:00,8,51
275,Alausa,Idera,2022-10-05 13:44:00,2022-10-05 13:59:00,12,35
276,CMS,Costain,2022-10-06 13:48:00,2022-10-06 14:03:00,9,32
277,Onipanu,Lekki,2022-10-07 13:52:00,2022-10-07 14:07:00,13,46
278,TBS,Oshodi,2022-10-08 13:56:00,2022-10-08 14:11:00,13,27
279,Yaba,Idera,2022-10-09 14:00:00,2022-10-09 14:15:00,4,47
280,Irawo,Berger,2022-10-10 14:04:00,2022-10-10 14:19:00,13,19
281,CMS,Barracks,2022-10-11 14:08:00,2022-10-11 14:23:00,1,39
282,Obalende,Park and Ride,2022-10-12 14:12:00,2022-10-12 14:27:00,3,18
283,Agric,Park and Ride,2022-10-13 14:16:00,2022-10-13 14:31:00,6,16
284,Leventis,Ikeja,2022-10-14 14:20:00,2022-10-14 14:35:00,10,31
285,Onipanu,Irawo,2022-10-15 14:24:00,2022-10-15 14:39:00,2,12
286,Ajah,Agric,2022-10-16 14:28:00,2022-10-16 14:43:00,6,20
287,Inner Marina,Agric,2022-10-17 14:32:00,2022-10-17 14:47:00,10,47
288,Barracks,Ajah,2022-10-18 14:36:00,2022-10-18 14:51:00,8,54
289,Leventis,Alapere,2022-10-19 14:40:00,2022-10-19 14:55:00,5,36
290,Ketu,Idera,2022-10-20 14:44:00,2022-10-20 14:59:00,12,51
291,Alapere,Victoria Island,2022-10-21 14:48:00,2022-10-21 15:03:00,6,30
292,Idera,Inner Marina,2022-10-22 14:52:00,2022-10-22 15:07:00,8,22
293,Oworo,Abule Egba,2022-10-23 14:56:00,2022-10-23 15:11:00,14,12
294,Abule Egba,Alapere,2022-10-24 15:00:00,2022-10-24 15:15:00,1,31
295,Berger,Ajah,2022-10-25 15:04:00,2022-10-25 15:19:00,7,51
296,Barracks,Ketu,2022-10-26 15:08:00,2022-10-26 15:23:00,4,24
297,Barracks,Fadeyi,2022-10-27 15:12:00,2022-10-27 15:27:00,2,46
298,Aruna,Oshodi,2022-10-28 15:16:00,2022-10-28 15:31:00,9,22
299,Leventis,Ojota,2022-10-29 15:20:00,2022-10-29 15:35:00,14,37
300,Agric,Stadium,2022-10-30 15:24:00,2022-10-30 15:39:00,13,50
301,Iyana Ipaja,Oworo,2022-10-31 15:28:00,2022-10-31 15:43:00,2,32
302,Lekki,Abule Egba,2022-11-01 15:32:00,2022-11-01 15:47:00,5,10
303,Berger,Park and Ride,2022-11-02 15:36:00,2022-11-02 15:51:00,1,53
304,Ojota,Oworo,2022-11-03 15:40:00,2022-11-03 15:55:00,10,20
305,Berger,Fadeyi,2022-11-04 15:44:00,2022-11-04 15:59:00,4,35
306,Abule Egba,TBS,2022-11-05 15:48:00,2022-11-05 16:03:00,14,12
307,Yaba,Aruna,2022-11-06 15:52:00,2022-11-06 16:07:00,14,31
308,Barracks,Moshalashi,2022-11-07 15:56:00,2022-11-07 16:11:00,12,28
309,Abule Egba,Alausa,2022-11-08 16:00:00,2022-11-08 16:15:00,12,33
310,Agric,Oshodi,2022-11-09 16:04:00,2022-11-09 16:19:00,1,17
311,Ajah,Oshodi,2022-11-10 16:08:00,2022-11-10 16:23:00,3,10
312,Ketu,Iyana Ipaja,2022-11-11 16:12:00,2022-11-11 16:27:00,9,27
313,Ajah,Onipanu,2022-11-12 16:16:00,2022-11-12 16:31:00,5,21
314,Iyana Ipaja,Palm Groove,2022-11-13 16:20:00,2022-11-13 16:35:00,11,31
315,Ketu,Palm Groove,2022-11-14 16:24:00,2022-11-14 16:39:00,5,49
316,Tollgate,Fadeyi,2022-11-15 16:28:00,2022-11-15 16:43:00,13,37
317,Leventis,Ketu,2022-11-16 16:32:00,2022-11-16 16:47:00,7,40
318,Tollgate,Abule Egba,2022-11-17 16:36:00,2022-11-17 16:51:00,5,10
319,Fadeyi,Victoria Island,2022-11-18 16:40:00,2022-11-18 16:55:00,4,24
320,Aruna,Victoria Island,2022-11-19 16:44:00,2022-11-19 16:59:00,2,20
321,Ojota,Aruna,2022-11-20 16:48:00,2022-11-20 17:03:00,9,48
322,Ojota,Costain,2022-11-21 16:52:00,2022-11-21 17:07:00,2,39
323,Ajah,Fadeyi,2022-11-22 16:56:00,2022-11-22 17:11:00,11,22
324,Barracks,Alapere,2022-11-23 17:00:00,2022-11-23 17:15:00,13,26
325,Onipanu,Victoria Island,2022-11-24 17:04:00,2022-11-24 17:19:00,1,48
326,Iyana Ipaja,Idera,2022-11-25 17:08:00,2022-11-25 17:23:00,9,29
327,Aruna,Ketu,2022-11-26 17:12:00,2022-11-26 17:27:00,7,35
328,Stadium,Moshalashi,2022-11-27 17:16:00,2022-11-27 17:31:00,3,52
329,Palm Groove,Berger,2022-11-28 17:20:00,2022-11-28 17:35:00,9,14
330,Victoria Island,Ikeja,2022-11-29 17:24:00,2022-11-29 17:39:00,10,14
331,Inner Marina,Obalende,2022-11-30 17:28:00,2022-11-30 17:43:00,14,26
332,Leventis,Aruna,2022-12-01 17:32:00,2022-12-01 17:47:00,5,37
333,Yaba,Lekki,2022-12-02 17:36:00,2022-12-02 17:51:00,3,21
334,Irawo,Ajah,2022-12-03 17:40:00,2022-12-03 17:55:00,10,30
335,Yaba,Ikeja,2022-12-04 17:44:00,2022-12-04 17:59:00,8,33
336,Ajah,Stadium,2022-12-05 17:48:00,2022-12-05 18:03:00,2,12
337,Aruna,Stadium,2022-12-06 17:52:00,2022-12-06 18:07:00,13,17
338,Obalende,Ojota,2022-12-07 17:56:00,2022-12-07 18:11:00,1,19
339,Obalende,TBS,2022-12-08 18:00:00,2022-12-08 18:15:00,12,37
340,Aruna,Ketu,2022-12-09 18:04:00,2022-12-09 18:19:00,9,19
341,Lekki,Palm Groove,2022-12-10 18:08:00,2022-12-10 18:23:00,2,35
342,Inner Marina,Stadium,2022-12-11 18:12:00,2022-12-11 18:27:00,14,35
343,Costain,Park and Ride,2022-12-12 18:16:00,2022-12-12 18:31:00,11,22
344,CMS,Moshalashi,2022-12-13 18:20:00,2022-12-13 18:35:00,11,41
345,Oworo,Abule Egba,2022-12-14 18:24:00,2022-12-14 18:39:00,4,46
346,Alapere,Leventis,2022-12-15 18:28:00,2022-12-15 18:43:00,5,28
347,Oshodi,Alausa,2022-12-16 18:32:00,2022-12-16 18:47:00,3,18
348,Berger,Abule Egba,2022-12-17 18:36:00,2022-12-17 18:51:00,4,38
349,Onipanu,Moshalashi,2022-12-18 18:40:00,2022-12-18 18:55:00,1,17
350,Palm Groove,Oworo,2022-12-19 18:44:00,2022-12-19 18:59:00,5,23
351,Agric,Alausa,2022-12-20 18:48:00,2022-12-20 19:03:00,13,19
352,Aruna,Agric,2022-12-21 18:52:00,2022-12-21 19:07:00,13,43
353,Inner Marina,Iyana Ipaja,2022-12-22 18:56:00,2022-12-22 19:11:00,3,27
354,Idera,Irawo,2022-12-23 19:00:00,2022-12-23 19:15:00,8,35
355,Stadium,Yaba,2022-12-24 19:04:00,2022-12-24 19:19:00,4,52
356,Alapere,CMS,2022-12-25 19:08:00,2022-12-25 19:23:00,8,37
357,Victoria Island,Tollgate,2022-12-26 19:12:00,2022-12-26 19:27:00,2,36
358,Palm Groove,Agric,2022-12-27 19:16:00,2022-12-27 19:31:00,3,43
359,Ojota,Fadeyi,2022-12-28 19:20:00,2022-12-28 19:35:00,9,11
360,Leventis,Victoria Island,2022-12-29 19:24:00,2022-12-29 19:39:00,4,37
361,Palm Groove,Obalende,2022-12-30 19:28:00,2022-12-30 19:43:00,3,12
362,Obalende,CMS,2022-12-31 19:32:00,2022-12-31 19:47:00,12,23
363,Lekki,CMS,2023-01-01 19:36:00,2023-01-01 19:51:00,2,22
364,Abule Egba,Iyana Ipaja,2023-01-02 19:40:00,2023-01-02 19:55:00,1,33
365,Ketu,Aruna,2023-01-03 19:44:00,2023-01-03 19:59:00,9,32
366,Barracks,Oworo,2023-01-04 19:48:00,2023-01-04 20:03:00,4,15
367,Oworo,Palm Groove,2023-01-05 19:52:00,2023-01-05 20:07:00,4,12
368,Onipanu,Leventis,2023-01-06 19:56:00,2023-01-06 20:11:00,13,28
369,Barracks,Ketu,2023-01-07 20:00:00,2023-01-07 20:15:00,12,15
370,Stadium,Alausa,2023-01-08 20:04:00,2023-01-08 20:19:00,3,41
371,Irawo,Park and Ride,2023-01-09 20:08:00,2023-01-09 20:23:00,8,10
372,Berger,Stadium,2023-01-10 20:12:00,2023-01-10 20:27:00,7,37
373,Berger,Victoria Island,2023-01-11 20:16:00,2023-01-11 20:31:00,6,33
374,TBS,Barracks,2023-01-12 20:20:00,2023-01-12 20:35:00,7,48
375,Oworo,Yaba,2023-01-13 20:24:00,2023-01-13 20:39:00,4,26
376,CMS,Idera,2023-01-14 20:28:00,2023-01-14 20:43:00,3,35
377,Irawo,TBS,2023-01-15 20:32:00,2023-01-15 20:47:00,3,55
378,TBS,Fadeyi,2023-01-16 20:36:00,2023-01-16 20:51:00,12,41
379,Aruna,Iyana Ipaja,2023-01-17 20:40:00,2023-01-17 20:55:00,10,47
380,Agric,Inner Marina,2023-01-18 20:44:00,2023-01-18 20:59:00,1,38
381,Oworo,Victoria Island,2023-01-19 20:48:00,2023-01-19 21:03:00,7,50
382,Obalende,Alapere,2023-01-20 20:52:00,2023-01-20 21:07:00,12,29
383,Tollgate,Idera,2023-01-21 20:56:00,2023-01-21 21:11:00,3,52
384,Alapere,Oshodi,2023-01-22 21:00:00,2023-01-22 21:15:00,4,16
385,Moshalashi,Inner Marina,2023-01-23 21:04:00,2023-01-23 21:19:00,2,32
386,Park and Ride,Agric,2023-01-24 21:08:00,2023-01-24 21:23:00,11,16
387,Fadeyi,Leventis,2023-01-25 21:12:00,2023-01-25 21:27:00,12,10
388,Inner Marina,Obalende,2023-01-26 21:16:00,2023-01-26 21:31:00,6,13
389,Ikeja,Oshodi,2023-01-27 21:20:00,2023-01-27 21:35:00,14,47
390,Oshodi,Berger,2023-01-28 21:24:00,2023-01-28 21:39:00,5,16
391,Fadeyi,Aruna,2023-01-29 21:28:00,2023-01-29 21:43:00,9,13
392,Idera,Victoria Island,2023-01-30 21:32:00,2023-01-30 21:47:00,11,21
393,Ojota,Stadium,2023-01-31 21:36:00,2023-01-31 21:51:00,3,26
394,Abule Egba,Leventis,2023-02-01 21:40:00,2023-02-01 21:55:00,9,44
395,Oshodi,Leventis,2023-02-02 21:44:00,2023-02-02 21:59:00,8,55
396,TBS,Lekki,2023-02-03 21:48:00,2023-02-03 22:03:00,2,20
397,Irawo,Aruna,2023-02-04 21:52:00,2023-02-04 22:07:00,6,13
398,Irawo,TBS,2023-02-05 21:56:00,2023-02-05 22:11:00,7,55
399,Stadium,Victoria Island,2023-02-06 22:00:00,2023-02-06 22:15:00,11,28
400,Fadeyi,Ajah,2023-02-07 22:04:00,2023-02-07 22:19:00,6,37
401,Moshalashi,Alausa,2023-02-08 22:08:00,2023-02-08 22:23:00,2,20
402,CMS,Lekki,2023-02-09 22:12:00,2023-02-09 22:27:00,10,31
403,Ikeja,Oworo,2023-02-10 22:16:00,2023-02-10 22:31:00,8,19
404,Idera,Iyana Ipaja,2023-02-11 22:20:00,2023-02-11 22:35:00,6,29
405,Palm Groove,CMS,2023-02-12 22:24:00,2023-02-12 22:39:00,8,36
406,Idera,Alausa,2023-02-13 22:28:00,2023-02-13 22:43:00,10,52
407,TBS,Yaba,2023-02-14 22:32:00,2023-02-14 22:47:00,10,54
408,Idera,Park and Ride,2023-02-15 22:36:00,2023-02-15 22:51:00,13,53
409,Agric,Victoria Island,2023-02-16 22:40:00,2023-02-16 22:55:00,7,15
410,Idera,Aruna,2023-02-17 22:44:00,2023-02-17 22:59:00,10,28
411,TBS,Aruna,2023-02-18 22:48:00,2023-02-18 23:03:00,3,28
412,Alapere,Aruna,2023-02-19 22:52:00,2023-02-19 23:07:00,6,54
413,Stadium,Obalende,2023-02-20 22:56:00,2023-02-20 23:11:00,5,28
414,Alausa,CMS,2023-02-21 23:00:00,2023-02-21 23:15:00,8,55
415,Alausa,Lekki,2023-02-22 23:04:00,2023-02-22 23:19:00,3,33
416,Fadeyi,CMS,2023-02-23 23:08:00,2023-02-23 23:23:00,14,49
417,Abule Egba,Aruna,2023-02-24 23:12:00,2023-02-24 23:27:00,13,54
418,Ketu,Victoria Island,2023-02-25 23:16:00,2023-02-25 23:31:00,11,24
419,Costain,Idera,2023-02-26 23:20:00,2023-02-26 23:35:00,9,39
420,Agric,Ojota,2023-02-27 23:24:00,2023-02-27 23:39:00,7,25
421,Ikeja,Berger,2023-02-28 23:28:00,2023-02-28 23:43:00,13,44
422,Alapere,Agric,2023-03-01 23:32:00,2023-03-01 23:47:00,1,48
423,Fadeyi,Obalende,2023-03-02 23:36:00,2023-03-02 23:51:00,10,26
424,Palm Groove,Ojota,2023-03-03 23:40:00,2023-03-03 23:55:00,13,42
425,Alausa,Alapere,2023-03-04 23:44:00,2023-03-04 23:59:00,2,48
426,Fadeyi,Tollgate,2023-03-05 00:03:00,2023-03-05 23:48:00,11,20
427,Fadeyi,Iyana Ipaja,2023-03-06 00:07:00,2023-03-06 23:52:00,10,36
428,Onipanu,Oshodi,2023-03-07 00:11:00,2023-03-07 23:56:00,5,24
429,Park and Ride,Alausa,2023-03-08 00:00:00,2023-03-08 00:15:00,13,26
430,Irawo,CMS,2023-03-09 00:04:00,2023-03-09 00:19:00,3,26
431,Yaba,Berger,2023-03-10 00:08:00,2023-03-10 00:23:00,8,30
432,Oworo,Ketu,2023-03-11 00:12:00,2023-03-11 00:27:00,5,48
433,Lekki,Yaba,2023-03-12 00:16:00,2023-03-12 00:31:00,9,15
434,Agric,Iyana Ipaja,2023-03-13 00:20:00,2023-03-13 00:35:00,3,31
435,Idera,Ojota,2023-03-14 00:24:00,2023-03-14 00:39:00,4,28
436,Moshalashi,Ajah,2023-03-15 00:28:00,2023-03-15 00:43:00,8,13
437,Ajah,CMS,2023-03-16 00:32:00,2023-03-16 00:47:00,2,54
438,Obalende,Ajah,2023-03-17 00:36:00,2023-03-17 00:51:00,4,22
439,Alausa,Inner Marina,2023-03-18 00:40:00,2023-03-18 00:55:00,1,21
440,Fadeyi,Yaba,2023-03-19 00:44:00,2023-03-19 00:59:00,4,45
441,Inner Marina,Ikeja,2023-03-20 00:48:00,2023-03-20 01:03:00,6,54
442,Yaba,CMS,2023-03-21 00:52:00,2023-03-21 01:07:00,9,11
443,Agric,Ajah,2023-03-22 00:56:00,2023-03-22 01:11:00,6,29
444,Moshalashi,Obalende,2023-03-23 01:00:00,2023-03-23 01:15:00,5,53
445,Victoria Island,Aruna,2023-03-24 01:04:00,2023-03-24 01:19:00,9,55
446,Yaba,Palm Groove,2023-03-25 01:08:00,2023-03-25 01:23:00,13,13
447,Costain,Ojota,2023-03-26 01:12:00,2023-03-26 01:27:00,9,25
448,Moshalashi,Obalende,2023-03-27 01:16:00,2023-03-27 01:31:00,2,26
449,Aruna,Park and Ride,2023-03-28 01:20:00,2023-03-28 01:35:00,10,11
450,Barracks,Costain,2023-03-29 01:24:00,2023-03-29 01:39:00,12,33
451,Idera,Victoria Island,2023-03-30 01:28:00,2023-03-30 01:43:00,2,17
452,Tollgate,Oworo,2023-03-31 01:32:00,2023-03-31 01:47:00,1,51
453,CMS,Alausa,2023-04-01 01:36:00,2023-04-01 01:51:00,10,32
454,Iyana Ipaja,Ajah,2023-04-02 01:40:00,2023-04-02 01:55:00,1,49
455,CMS,Lekki,2023-04-03 01:44:00,2023-04-03 01:59:00,4,34
456,Ojota,Alapere,2023-04-04 01:48:00,2023-04-04 02:03:00,14,44
457,Ajah,Onipanu,2023-04-05 01:52:00,2023-04-05 02:07:00,12,16
458,TBS,Park and Ride,2023-04-06 01:56:00,2023-04-06 02:11:00,7,24
459,Costain,Ketu,2023-04-07 02:00:00,2023-04-07 02:15:00,6,45
460,Aruna,CMS,2023-04-08 02:04:00,2023-04-08 02:19:00,8,11
461,Moshalashi,Ikeja,2023-04-09 02:08:00,2023-04-09 02:23:00,4,55
462,Inner Marina,Agric,2023-04-10 02:12:00,2023-04-10 02:27:00,1,33
463,Victoria Island,Agric,2023-04-11 02:16:00,2023-04-11 02:31:00,2,22
464,Agric,Ikeja,2023-04-12 02:20:00,2023-04-12 02:35:00,1,13
465,Iyana Ipaja,Ketu,2023-04-13 02:24:00,2023-04-13 02:39:00,10,55
466,Onipanu,TBS,2023-04-14 02:28:00,2023-04-14 02:43:00,12,12
467,Irawo,Lekki,2023-04-15 02:32:00,2023-04-15 02:47:00,12,52
468,Alausa,Stadium,2023-04-16 02:36:00,2023-04-16 02:51:00,14,39
469,Oworo,Oshodi,2023-04-17 02:40:00,2023-04-17 02:55:00,12,19
470,Yaba,Leventis,2023-04-18 02:44:00,2023-04-18 02:59:00,9,48
471,Inner Marina,Obalende,2023-04-19 02:48:00,2023-04-19 03:03:00,8,18
472,Idera,Ikeja,2023-04-20 02:52:00,2023-04-20 03:07:00,14,36
473,Ketu,CMS,2023-04-21 02:56:00,2023-04-21 03:11:00,5,26
474,Costain,CMS,2023-04-22 03:00:00,2023-04-22 03:15:00,4,44
475,Stadium,Oworo,2023-04-23 03:04:00,2023-04-23 03:19:00,3,14
476,Lekki,Ojota,2023-04-24 03:08:00,2023-04-24 03:23:00,3,50
477,Irawo,Yaba,2023-04-25 03:12:00,2023-04-25 03:27:00,1,23
478,Ketu,Oworo,2023-04-26 03:16:00,2023-04-26 03:31:00,14,54
479,Alausa,Ketu,2023-04-27 03:20:00,2023-04-27 03:35:00,11,24
480,Tollgate,Fadeyi,2023-04-28 03:24:00,2023-04-28 03:39:00,12,22
481,Oshodi,Victoria Island,2023-04-29 03:28:00,2023-04-29 03:43:00,2,32
482,Aruna,Fadeyi,2023-04-30 03:32:00,2023-04-30 03:47:00,9,43
483,Victoria Island,Agric,2023-05-01 03:36:00,2023-05-01 03:51:00,7,14
484,Fadeyi,Leventis,2023-05-02 03:40:00,2023-05-02 03:55:00,5,24
485,Obalende,Ketu,2023-05-03 03:44:00,2023-05-03 03:59:00,1,44
486,Stadium,Leventis,2023-05-04 03:48:00,2023-05-04 04:03:00,3,53
487,Alapere,Berger,2023-05-05 03:52:00,2023-05-05 04:07:00,14,33
488,Yaba,Tollgate,2023-05-06 03:56:00,2023-05-06 04:11:00,2,49
489,Irawo,Stadium,2023-05-07 04:00:00,2023-05-07 04:15:00,5,45
490,Idera,Leventis,2023-05-08 04:04:00,2023-05-08 04:19:00,10,30
491,Oworo,Ikeja,2023-05-09 04:08:00,2023-05-09 04:23:00,6,51
492,Ajah,Oworo,2023-05-10 04:12:00,2023-05-10 04:27:00,11,24
493,Park and Ride,Ketu,2023-05-11 04:16:00,2023-05-11 04:31:00,12,12
494,Tollgate,Oshodi,2023-05-12 04:20:00,2023-05-12 04:35:00,12,11
495,Idera,Abule Egba,2023-05-13 04:24:00,2023-05-13 04:39:00,13,44
496,Palm Groove,CMS,2023-05-14 04:28:00,2023-05-14 04:43:00,6,25
497,Park and Ride,Ketu,2023-05-15 04:32:00,2023-05-15 04:47:00,5,49
498,Idera,Alausa,2023-05-16 04:36:00,2023-05-16 04:51:00,14,50
499,Onipanu,Lekki,2023-05-17 04:40:00,2023-05-17 04:55:00,11,36
500,Ajah,Onipanu,2023-05-18 04:44:00,2023-05-18 04:59:00,11,19
501,Moshalashi,Ojota,2023-05-19 04:48:00,2023-05-19 05:03:00,8,45
502,Park and Ride,Oshodi,2023-05-20 04:52:00,2023-05-20 05:07:00,3,16
503,Berger,Alapere,2023-05-21 04:56:00,2023-05-21 05:11:00,3,51
504,Palm Groove,Fadeyi,2023-05-22 05:00:00,2023-05-22 05:15:00,9,44
505,Lekki,CMS,2023-05-23 05:04:00,2023-05-23 05:19:00,1,49
506,Ajah,Inner Marina,2023-05-24 05:08:00,2023-05-24 05:23:00,3,11
507,Onipanu,Oworo,2023-05-25 05:12:00,2023-05-25 05:27:00,8,10
508,Leventis,Berger,2023-05-26 05:16:00,2023-05-26 05:31:00,3,21
509,Irawo,Iyana Ipaja,2023-05-27 05:20:00,2023-05-27 05:35:00,10,50
510,CMS,Berger,2023-05-28 05:24:00,2023-05-28 05:39:00,1,29
511,CMS,TBS,2023-05-29 05:28:00,2023-05-29 05:43:00,14,42
512,Tollgate,Ajah,2023-05-30 05:32:00,2023-05-30 05:47:00,1,37
513,TBS,Palm Groove,2023-05-31 05:36:00,2023-05-31 05:51:00,8,14
514,Costain,Inner Marina,2023-06-01 05:40:00,2023-06-01 05:55:00,1,28
515,Alapere,Barracks,2023-06-02 05:44:00,2023-06-02 05:59:00,6,23
516,Idera,Stadium,2023-06-03 05:48:00,2023-06-03 06:03:00,2,25
517,Irawo,Oworo,2023-06-04 05:52:00,2023-06-04 06:07:00,6,28
518,Yaba,Ikeja,2023-06-05 05:56:00,2023-06-05 06:11:00,13,21
519,Alausa,Ajah,2023-06-06 06:00:00,2023-06-06 06:15:00,4,15
520,Ketu,Aruna,2023-06-07 06:04:00,2023-06-07 06:19:00,7,30
521,Onipanu,Fadeyi,2023-06-08 06:08:00,2023-06-08 06:23:00,8,16
522,Tollgate,Iyana Ipaja,2023-06-09 06:12:00,2023-06-09 06:27:00,4,43
523,Stadium,Aruna,2023-06-10 06:16:00,2023-06-10 06:31:00,1,11
524,Irawo,Agric,2023-06-11 06:20:00,2023-06-11 06:35:00,2,21
525,Berger,Leventis,2023-06-12 06:24:00,2023-06-12 06:39:00,10,31
526,Oshodi,Onipanu,2023-06-13 06:28:00,2023-06-13 06:43:00,3,41
527,Barracks,Irawo,2023-06-14 06:32:00,2023-06-14 06:47:00,1,26
528,Iyana Ipaja,Leventis,2023-06-15 06:36:00,2023-06-15 06:51:00,14,48
529,Onipanu,Victoria Island,2023-06-16 06:40:00,2023-06-16 06:55:00,6,48
530,Inner Marina,Abule Egba,2023-06-17 06:44:00,2023-06-17 06:59:00,2,44
531,TBS,Idera,2023-06-18 06:48:00,2023-06-18 07:03:00,11,25
532,Irawo,Barracks,2023-06-19 06:52:00,2023-06-19 07:07:00,9,54
533,Barracks,Inner Marina,2023-06-20 06:56:00,2023-06-20 07:11:00,13,37
534,Obalende,Costain,2023-06-21 07:00:00,2023-06-21 07:15:00,14,47
535,Idera,Victoria Island,2023-06-22 07:04:00,2023-06-22 07:19:00,4,20
536,Ojota,TBS,2023-06-23 07:08:00,2023-06-23 07:23:00,3,13
537,Stadium,Lekki,2023-06-24 07:12:00,2023-06-24 07:27:00,9,17
538,Oworo,Irawo,2023-06-25 07:16:00,2023-06-25 07:31:00,10,35
539,Oworo,Ajah,2023-06-26 07:20:00,2023-06-26 07:35:00,3,52
540,Stadium,Lekki,2023-06-27 07:24:00,2023-06-27 07:39:00,10,14
541,Iyana Ipaja,Aruna,2023-06-28 07:28:00,2023-06-28 07:43:00,4,44
542,Palm Groove,Tollgate,2023-06-29 07:32:00,2023-06-29 07:47:00,6,11
543,Ojota,Obalende,2023-06-30 07:36:00,2023-06-30 07:51:00,2,18
544,Victoria Island,Obalende,2023-07-01 07:40:00,2023-07-01 07:55:00,13,24
545,Aruna,Tollgate,2023-07-02 07:44:00,2023-07-02 07:59:00,12,23
546,Palm Groove,Tollgate,2023-07-03 07:48:00,2023-07-03 08:03:00,3,40
547,CMS,Park and Ride,2023-07-04 07:52:00,2023-07-04 08:07:00,11,36
548,TBS,Iyana Ipaja,2023-07-05 07:56:00,2023-07-05 08:11:00,9,42
549,Agric,Alausa,2023-07-06 08:00:00,2023-07-06 08:15:00,4,37
550,Alapere,Obalende,2023-07-07 08:04:00,2023-07-07 08:19:00,13,52
551,Leventis,Tollgate,2023-07-08 08:08:00,2023-07-08 08:23:00,10,35
552,Oshodi,Inner Marina,2023-07-09 08:12:00,2023-07-09 08:27:00,13,30
553,Leventis,Ketu,2023-07-10 08:16:00,2023-07-10 08:31:00,9,15
554,Ajah,Abule Egba,2023-07-11 08:20:00,2023-07-11 08:35:00,10,22
555,Onipanu,Abule Egba,2023-07-12 08:24:00,2023-07-12 08:39:00,6,49
556,Agric,Ketu,2023-07-13 08:28:00,2023-07-13 08:43:00,9,29
557,Oshodi,Iyana Ipaja,2023-07-14 08:32:00,2023-07-14 08:47:00,3,44
558,Costain,Ojota,2023-07-15 08:36:00,2023-07-15 08:51:00,13,40
559,Inner Marina,Ketu,2023-07-16 08:40:00,2023-07-16 08:55:00,14,14
560,Oshodi,Berger,2023-07-17 08:44:00,2023-07-17 08:59:00,10,55
561,Leventis,Obalende,2023-07-18 08:48:00,2023-07-18 09:03:00,2,16
562,Costain,Agric,2023-07-19 08:52:00,2023-07-19 09:07:00,14,39
563,Lekki,Costain,2023-07-20 08:56:00,2023-07-20 09:11:00,13,49
564,Oworo,Fadeyi,2023-07-21 09:00:00,2023-07-21 09:15:00,10,23
565,Idera,Costain,2023-07-22 09:04:00,2023-07-22 09:19:00,2,55
566,Oworo,Barracks,2023-07-23 09:08:00,2023-07-23 09:23:00,7,27
567,Ajah,Yaba,2023-07-24 09:12:00,2023-07-24 09:27:00,6,46
568,Aruna,Tollgate,2023-07-25 09:16:00,2023-07-25 09:31:00,9,47
569,Tollgate,CMS,2023-07-26 09:20:00,2023-07-26 09:35:00,8,34
570,Fadeyi,Moshalashi,2023-07-27 09:24:00,2023-07-27 09:39:00,3,42
571,Tollgate,Inner Marina,2023-07-28 09:28:00,2023-07-28 09:43:00,13,49
572,Oshodi,Ajah,2023-07-29 09:32:00,2023-07-29 09:47:00,13,42
573,Idera,Yaba,2023-07-30 09:36:00,2023-07-30 09:51:00,11,53
574,Iyana Ipaja,Stadium,2023-07-31 09:40:00,2023-07-31 09:55:00,3,20
575,TBS,Aruna,2023-08-01 09:44:00,2023-08-01 09:59:00,7,31
576,Ojota,Inner Marina,2023-08-02 09:48:00,2023-08-02 10:03:00,14,16
577,Berger,Victoria Island,2023-08-03 09:52:00,2023-08-03 10:07:00,11,11
578,Alapere,Ketu,2023-08-04 09:56:00,2023-08-04 10:11:00,12,51
579,Obalende,Ikeja,2023-08-05 10:00:00,2023-08-05 10:15:00,10,49
580,Idera,Tollgate,2023-08-06 10:04:00,2023-08-06 10:19:00,13,47
581,Oworo,Yaba,2023-08-07 10:08:00,2023-08-07 10:23:00,14,45
582,Onipanu,Berger,2023-08-08 10:12:00,2023-08-08 10:27:00,10,48
583,Berger,Aruna,2023-08-09 10:16:00,2023-08-09 10:31:00,1,24
584,Palm Groove,Alausa,2023-08-10 10:20:00,2023-08-10 10:35:00,3,49
585,Berger,Leventis,2023-08-11 10:24:00,2023-08-11 10:39:00,10,23
586,Victoria Island,Ajah,2023-08-12 10:28:00,2023-08-12 10:43:00,14,14
587,Park and Ride,Fadeyi,2023-08-13 10:32:00,2023-08-13 10:47:00,8,16
588,Palm Groove,Alapere,2023-08-14 10:36:00,2023-08-14 10:51:00,2,47
589,CMS,Iyana Ipaja,2023-08-15 10:40:00,2023-08-15 10:55:00,14,38
590,Berger,Ojota,2023-08-16 10:44:00,2023-08-16 10:59:00,7,11
591,Ikeja,Obalende,2023-08-17 10:48:00,2023-08-17 11:03:00,2,43
592,Idera,TBS,2023-08-18 10:52:00,2023-08-18 11:07:00,8,16
593,Agric,Inner Marina,2023-08-19 10:56:00,2023-08-19 11:11:00,12,29
594,Ojota,Ketu,2023-08-20 11:00:00,2023-08-20 11:15:00,5,33
595,Aruna,Abule Egba,2023-08-21 11:04:00,2023-08-21 11:19:00,11,24
596,Oworo,Ajah,2023-08-22 11:08:00,2023-08-22 11:23:00,2,41
597,Idera,Alausa,2023-08-23 11:12:00,2023-08-23 11:27:00,8,38
598,Leventis,Ikeja,2023-08-24 11:16:00,2023-08-24 11:31:00,6,36
599,Tollgate,Oshodi,2023-08-25 11:20:00,2023-08-25 11:35:00,1,17
600,Park and Ride,Tollgate,2023-08-26 11:24:00,2023-08-26 11:39:00,14,34
601,Abule Egba,Victoria Island,2023-08-27 11:28:00,2023-08-27 11:43:00,7,36
602,Oworo,CMS,2023-08-28 11:32:00,2023-08-28 11:47:00,13,44
603,Stadium,Fadeyi,2023-08-29 11:36:00,2023-08-29 11:51:00,10,53
604,Moshalashi,Agric,2023-08-30 11:40:00,2023-08-30 11:55:00,10,31
605,Alausa,Ikeja,2023-08-31 11:44:00,2023-08-31 11:59:00,5,31
606,Alapere,Obalende,2023-09-01 11:48:00,2023-09-01 12:03:00,13,38
607,Yaba,Inner Marina,2023-09-02 11:52:00,2023-09-02 12:07:00,8,50
608,Aruna,Barracks,2023-09-03 11:56:00,2023-09-03 12:11:00,1,30
609,Lekki,Oshodi,2023-09-04 12:00:00,2023-09-04 12:15:00,11,36
610,Berger,Palm Groove,2023-09-05 12:04:00,2023-09-05 12:19:00,11,11
611,Alausa,Stadium,2023-09-06 12:08:00,2023-09-06 12:23:00,11,39
612,Leventis,Victoria Island,2023-09-07 12:12:00,2023-09-07 12:27:00,12,31
613,CMS,Ajah,2023-09-08 12:16:00,2023-09-08 12:31:00,12,26
614,Lekki,Victoria Island,2023-09-09 12:20:00,2023-09-09 12:35:00,11,15
615,Lekki,Abule Egba,2023-09-10 12:24:00,2023-09-10 12:39:00,8,43
616,Irawo,Berger,2023-09-11 12:28:00,2023-09-11 12:43:00,3,53
617,Ajah,Berger,2023-09-12 12:32:00,2023-09-12 12:47:00,9,26
618,Obalende,Ikeja,2023-09-13 12:36:00,2023-09-13 12:51:00,7,13
619,Agric,Aruna,2023-09-14 12:40:00,2023-09-14 12:55:00,5,46
620,Stadium,Leventis,2023-09-15 12:44:00,2023-09-15 12:59:00,10,53
621,Lekki,Obalende,2023-09-16 12:48:00,2023-09-16 13:03:00,14,31
622,TBS,Alapere,2023-09-17 12:52:00,2023-09-17 13:07:00,7,39
623,Barracks,Victoria Island,2023-09-18 12:56:00,2023-09-18 13:11:00,6,15
624,Costain,Abule Egba,2023-09-19 13:00:00,2023-09-19 13:15:00,14,39
625,Abule Egba,Ajah,2023-09-20 13:04:00,2023-09-20 13:19:00,4,28
626,Aruna,Park and Ride,2023-09-21 13:08:00,2023-09-21 13:23:00,11,52
627,Costain,Moshalashi,2023-09-22 13:12:00,2023-09-22 13:27:00,12,11
628,Costain,Victoria Island,2023-09-23 13:16:00,2023-09-23 13:31:00,6,54
629,Victoria Island,Yaba,2023-09-24 13:20:00,2023-09-24 13:35:00,2,41
630,Alapere,Inner Marina,2023-09-25 13:24:00,2023-09-25 13:39:00,8,27
631,Aruna,Ketu,2023-09-26 13:28:00,2023-09-26 13:43:00,10,36
632,Lekki,Yaba,2023-09-27 13:32:00,2023-09-27 13:47:00,11,48
633,Idera,Oworo,2023-09-28 13:36:00,2023-09-28 13:51:00,14,33
634,Leventis,Alausa,2023-09-29 13:40:00,2023-09-29 13:55:00,2,17
635,Oshodi,Barracks,2023-09-30 13:44:00,2023-09-30 13:59:00,10,55
636,Leventis,Victoria Island,2023-10-01 13:48:00,2023-10-01 14:03:00,9,45
637,Lekki,Ikeja,2023-10-02 13:52:00,2023-10-02 14:07:00,2,40
638,Irawo,Ajah,2023-10-03 13:56:00,2023-10-03 14:11:00,6,29
639,Oshodi,Ajah,2023-10-04 14:00:00,2023-10-04 14:15:00,6,25
640,Alausa,Irawo,2023-10-05 14:04:00,2023-10-05 14:19:00,4,15
641,Yaba,Stadium,2023-10-06 14:08:00,2023-10-06 14:23:00,1,25
642,Agric,Obalende,2023-10-07 14:12:00,2023-10-07 14:27:00,12,52
643,Oshodi,Park and Ride,2023-10-08 14:16:00,2023-10-08 14:31:00,14,26
644,CMS,Obalende,2023-10-09 14:20:00,2023-10-09 14:35:00,4,27
645,Park and Ride,Obalende,2023-10-10 14:24:00,2023-10-10 14:39:00,8,48
646,Irawo,Agric,2023-10-11 14:28:00,2023-10-11 14:43:00,4,19
647,Obalende,Leventis,2023-10-12 14:32:00,2023-10-12 14:47:00,10,42
648,Alapere,Fadeyi,2023-10-13 14:36:00,2023-10-13 14:51:00,8,34
649,Alapere,TBS,2023-10-14 14:40:00,2023-10-14 14:55:00,6,54
650,Abule Egba,Barracks,2023-10-15 14:44:00,2023-10-15 14:59:00,12,39
651,Alausa,Ikeja,2023-10-16 14:48:00,2023-10-16 15:03:00,6,30
652,Iyana Ipaja,TBS,2023-10-17 14:52:00,2023-10-17 15:07:00,11,19
653,Fadeyi,Alapere,2023-10-18 14:56:00,2023-10-18 15:11:00,11,28
654,Onipanu,Palm Groove,2023-10-19 15:00:00,2023-10-19 15:15:00,10,49
655,Park and Ride,Ikeja,2023-10-20 15:04:00,2023-10-20 15:19:00,11,13
656,Palm Groove,Victoria Island,2023-10-21 15:08:00,2023-10-21 15:23:00,9,30
657,Ojota,Iyana Ipaja,2023-10-22 15:12:00,2023-10-22 15:27:00,4,14
658,Park and Ride,Moshalashi,2023-10-23 15:16:00,2023-10-23 15:31:00,10,17
659,Tollgate,Lekki,2023-10-24 15:20:00,2023-10-24 15:35:00,12,24
660,Obalende,Tollgate,2023-10-25 15:24:00,2023-10-25 15:39:00,8,44
661,Ojota,Agric,2023-10-26 15:28:00,2023-10-26 15:43:00,7,28
662,Oshodi,Park and Ride,2023-10-27 15:32:00,2023-10-27 15:47:00,2,26
663,Costain,Oshodi,2023-10-28 15:36:00,2023-10-28 15:51:00,11,46
664,Ikeja,Inner Marina,2023-10-29 15:40:00,2023-10-29 15:55:00,10,38
665,Berger,Palm Groove,2023-10-30 15:44:00,2023-10-30 15:59:00,1,26
666,Irawo,Agric,2023-10-31 15:48:00,2023-10-31 16:03:00,12,11
667,Ikeja,Berger,2023-11-01 15:52:00,2023-11-01 16:07:00,2,13
668,Tollgate,Alausa,2023-11-02 15:56:00,2023-11-02 16:11:00,5,30
669,Costain,TBS,2023-11-03 16:00:00,2023-11-03 16:15:00,6,47
670,Victoria Island,Costain,2023-11-04 16:04:00,2023-11-04 16:19:00,7,18
671,Moshalashi,Stadium,2023-11-05 16:08:00,2023-11-05 16:23:00,3,22
672,Iyana Ipaja,Aruna,2023-11-06 16:12:00,2023-11-06 16:27:00,5,14
673,Aruna,Lekki,2023-11-07 16:16:00,2023-11-07 16:31:00,5,36
674,Irawo,Stadium,2023-11-08 16:20:00,2023-11-08 16:35:00,5,35
675,Alausa,Abule Egba,2023-11-09 16:24:00,2023-11-09 16:39:00,3,16
676,Leventis,TBS,2023-11-10 16:28:00,2023-11-10 16:43:00,2,17
677,Aruna,Oworo,2023-11-11 16:32:00,2023-11-11 16:47:00,2,19
678,Berger,Stadium,2023-11-12 16:36:00,2023-11-12 16:51:00,8,36
679,Aruna,Leventis,2023-11-13 16:40:00,2023-11-13 16:55:00,10,32
680,Victoria Island,Tollgate,2023-11-14 16:44:00,2023-11-14 16:59:00,6,20
681,Onipanu,Inner Marina,2023-11-15 16:48:00,2023-11-15 17:03:00,3,53
682,TBS,Ajah,2023-11-16 16:52:00,2023-11-16 17:07:00,14,42
683,Oworo,Aruna,2023-11-17 16:56:00,2023-11-17 17:11:00,11,14
684,Park and Ride,Alapere,2023-11-18 17:00:00,2023-11-18 17:15:00,5,40
685,Aruna,TBS,2023-11-19 17:04:00,2023-11-19 17:19:00,13,40
686,Irawo,Oworo,2023-11-20 17:08:00,2023-11-20 17:23:00,10,10
687,Ikeja,Yaba,2023-11-21 17:12:00,2023-11-21 17:27:00,4,25
688,Victoria Island,Ikeja,2023-11-22 17:16:00,2023-11-22 17:31:00,10,14
689,Abule Egba,Leventis,2023-11-23 17:20:00,2023-11-23 17:35:00,11,45
690,Ikeja,Onipanu,2023-11-24 17:24:00,2023-11-24 17:39:00,13,38
691,Fadeyi,Inner Marina,2023-11-25 17:28:00,2023-11-25 17:43:00,8,29
692,Agric,Park and Ride,2023-11-26 17:32:00,2023-11-26 17:47:00,10,10
693,Idera,Ojota,2023-11-27 17:36:00,2023-11-27 17:51:00,11,34
694,Onipanu,Costain,2023-11-28 17:40:00,2023-11-28 17:55:00,9,42
695,Agric,Aruna,2023-11-29 17:44:00,2023-11-29 17:59:00,1,46
696,Obalende,Tollgate,2023-11-30 17:48:00,2023-11-30 18:03:00,2,18
697,Aruna,Lekki,2023-12-01 17:52:00,2023-12-01 18:07:00,6,53
698,Stadium,Park and Ride,2023-12-02 17:56:00,2023-12-02 18:11:00,2,40
699,Stadium,Palm Groove,2023-12-03 18:00:00,2023-12-03 18:15:00,7,14
700,Abule Egba,Oshodi,2023-12-04 18:04:00,2023-12-04 18:19:00,4,38
701,Yaba,Inner Marina,2023-12-05 18:08:00,2023-12-05 18:23:00,3,44
702,Ketu,Irawo,2023-12-06 18:12:00,2023-12-06 18:27:00,8,48
703,Oshodi,Oworo,2023-12-07 18:16:00,2023-12-07 18:31:00,12,12
704,Tollgate,Irawo,2023-12-08 18:20:00,2023-12-08 18:35:00,6,18
705,Leventis,Alausa,2023-12-09 18:24:00,2023-12-09 18:39:00,8,33
706,Yaba,Park and Ride,2023-12-10 18:28:00,2023-12-10 18:43:00,1,32
707,Yaba,Fadeyi,2023-12-11 18:32:00,2023-12-11 18:47:00,5,54
708,Lekki,Stadium,2023-12-12 18:36:00,2023-12-12 18:51:00,14,28
709,Ketu,Aruna,2023-12-13 18:40:00,2023-12-13 18:55:00,3,23
710,Inner Marina,Alausa,2023-12-14 18:44:00,2023-12-14 18:59:00,7,42
711,Inner Marina,Abule Egba,2023-12-15 18:48:00,2023-12-15 19:03:00,14,27
712,CMS,Inner Marina,2023-12-16 18:52:00,2023-12-16 19:07:00,8,31
713,Victoria Island,Ikeja,2023-12-17 18:56:00,2023-12-17 19:11:00,11,33
714,Victoria Island,Idera,2023-12-18 19:00:00,2023-12-18 19:15:00,7,44
715,Park and Ride,Abule Egba,2023-12-19 19:04:00,2023-12-19 19:19:00,12,26
716,Oshodi,Victoria Island,2023-12-20 19:08:00,2023-12-20 19:23:00,1,43
717,Park and Ride,Iyana Ipaja,2023-12-21 19:12:00,2023-12-21 19:27:00,8,49
718,Oshodi,TBS,2023-12-22 19:16:00,2023-12-22 19:31:00,6,18
719,Idera,Inner Marina,2023-12-23 19:20:00,2023-12-23 19:35:00,6,43
720,Moshalashi,Leventis,2023-12-24 19:24:00,2023-12-24 19:39:00,5,20
721,Oworo,Ojota,2023-12-25 19:28:00,2023-12-25 19:43:00,5,31
722,Obalende,Alapere,2023-12-26 19:32:00,2023-12-26 19:47:00,12,49
723,Costain,Aruna,2023-12-27 19:36:00,2023-12-27 19:51:00,12,39
724,Ketu,Irawo,2023-12-28 19:40:00,2023-12-28 19:55:00,2,21
725,TBS,Abule Egba,2023-12-29 19:44:00,2023-12-29 19:59:00,12,21
726,Alapere,Stadium,2023-12-30 19:48:00,2023-12-30 20:03:00,11,15
727,Lekki,Costain,2023-12-31 19:52:00,2023-12-31 20:07:00,12,24
728,Ojota,Costain,2024-01-01 19:56:00,2024-01-01 20:11:00,6,43
729,Ojota,Alausa,2024-01-02 20:00:00,2024-01-02 20:15:00,8,49
730,Alapere,Iyana Ipaja,2024-01-03 20:04:00,2024-01-03 20:19:00,4,19
731,Idera,Berger,2024-01-04 20:08:00,2024-01-04 20:23:00,6,38
732,Berger,Alausa,2024-01-05 20:12:00,2024-01-05 20:27:00,1,14
733,Alausa,Ketu,2024-01-06 20:16:00,2024-01-06 20:31:00,7,39
734,Aruna,TBS,2024-01-07 20:20:00,2024-01-07 20:35:00,1,54
735,Stadium,Leventis,2024-01-08 20:24:00,2024-01-08 20:39:00,1,38
736,Idera,TBS,2024-01-09 20:28:00,2024-01-09 20:43:00,9,17
737,Palm Groove,Idera,2024-01-10 20:32:00,2024-01-10 20:47:00,8,50
738,Tollgate,Oworo,2024-01-11 20:36:00,2024-01-11 20:51:00,9,38
739,Lekki,Oworo,2024-01-12 20:40:00,2024-01-12 20:55:00,11,25
740,Ikeja,Irawo,2024-01-13 20:44:00,2024-01-13 20:59:00,1,31
741,Agric,Onipanu,2024-01-14 20:48:00,2024-01-14 21:03:00,11,23
742,Alapere,Lekki,2024-01-15 20:52:00,2024-01-15 21:07:00,11,39
743,Ikeja,CMS,2024-01-16 20:56:00,2024-01-16 21:11:00,14,46
744,Tollgate,Palm Groove,2024-01-17 21:00:00,2024-01-17 21:15:00,9,55
745,Moshalashi,Oworo,2024-01-18 21:04:00,2024-01-18 21:19:00,7,34
746,Ajah,Obalende,2024-01-19 21:08:00,2024-01-19 21:23:00,8,11
747,Irawo,Stadium,2024-01-20 21:12:00,2024-01-20 21:27:00,2,15
748,Fadeyi,Iyana Ipaja,2024-01-21 21:16:00,2024-01-21 21:31:00,6,50
749,Yaba,Moshalashi,2024-01-22 21:20:00,2024-01-22 21:35:00,9,46
750,Irawo,Costain,2024-01-23 21:24:00,2024-01-23 21:39:00,7,13
751,Park and Ride,Yaba,2024-01-24 21:28:00,2024-01-24 21:43:00,13,10
752,Agric,Berger,2024-01-25 21:32:00,2024-01-25 21:47:00,13,18
753,Alapere,Palm Groove,2024-01-26 21:36:00,2024-01-26 21:51:00,12,12
754,Fadeyi,Ikeja,2024-01-27 21:40:00,2024-01-27 21:55:00,3,11
755,Abule Egba,Leventis,2024-01-28 21:44:00,2024-01-28 21:59:00,2,29
756,Agric,Tollgate,2024-01-29 21:48:00,2024-01-29 22:03:00,7,22
757,Abule Egba,Aruna,2024-01-30 21:52:00,2024-01-30 22:07:00,2,51
758,Alapere,Tollgate,2024-01-31 21:56:00,2024-01-31 22:11:00,5,44
759,Ojota,Tollgate,2024-02-01 22:00:00,2024-02-01 22:15:00,1,41
760,Costain,TBS,2024-02-02 22:04:00,2024-02-02 22:19:00,14,38
761,Ikeja,Onipanu,2024-02-03 22:08:00,2024-02-03 22:23:00,13,23
762,TBS,Palm Groove,2024-02-04 22:12:00,2024-02-04 22:27:00,8,24
763,Idera,Leventis,2024-02-05 22:16:00,2024-02-05 22:31:00,14,26
764,Aruna,Alapere,2024-02-06 22:20:00,2024-02-06 22:35:00,4,43
765,CMS,TBS,2024-02-07 22:24:00,2024-02-07 22:39:00,12,28
766,Abule Egba,Tollgate,2024-02-08 22:28:00,2024-02-08 22:43:00,5,28
767,Tollgate,Alapere,2024-02-09 22:32:00,2024-02-09 22:47:00,13,24
768,Ajah,Abule Egba,2024-02-10 22:36:00,2024-02-10 22:51:00,6,43
769,Alapere,Oshodi,2024-02-11 22:40:00,2024-02-11 22:55:00,11,24
770,Lekki,Aruna,2024-02-12 22:44:00,2024-02-12 22:59:00,10,20
771,TBS,Costain,2024-02-13 22:48:00,2024-02-13 23:03:00,14,55
772,Tollgate,Abule Egba,2024-02-14 22:52:00,2024-02-14 23:07:00,4,24
773,Costain,CMS,2024-02-15 22:56:00,2024-02-15 23:11:00,5,33
774,Inner Marina,Onipanu,2024-02-16 23:00:00,2024-02-16 23:15:00,4,52
775,Tollgate,Barracks,2024-02-17 23:04:00,2024-02-17 23:19:00,1,47
776,Park and Ride,Irawo,2024-02-18 23:08:00,2024-02-18 23:23:00,7,30
777,Ojota,Obalende,2024-02-19 23:12:00,2024-02-19 23:27:00,3,11
778,Irawo,Aruna,2024-02-20 23:16:00,2024-02-20 23:31:00,2,15
779,Barracks,Palm Groove,2024-02-21 23:20:00,2024-02-21 23:35:00,10,53
780,CMS,Palm Groove,2024-02-22 23:24:00,2024-02-22 23:39:00,11,37
781,Oworo,Agric,2024-02-23 23:28:00,2024-02-23 23:43:00,9,28
782,Tollgate,Oworo,2024-02-24 23:32:00,2024-02-24 23:47:00,14,46
783,Ojota,CMS,2024-02-25 23:36:00,2024-02-25 23:51:00,11,14
784,CMS,Onipanu,2024-02-26 23:40:00,2024-02-26 23:55:00,11,13
785,Berger,Idera,2024-02-27 23:44:00,2024-02-27 23:59:00,6,36
786,Alausa,Aruna,2024-02-28 00:03:00,2024-02-28 23:48:00,12,53
787,Oshodi,Onipanu,2024-02-29 00:07:00,2024-02-29 23:52:00,9,33
788,Iyana Ipaja,Abule Egba,2024-03-01 00:11:00,2024-03-01 23:56:00,13,51
789,Iyana Ipaja,Alausa,2024-03-02 00:00:00,2024-03-02 00:15:00,8,38
790,Agric,Stadium,2024-03-03 00:04:00,2024-03-03 00:19:00,6,48
791,Onipanu,Aruna,2024-03-04 00:08:00,2024-03-04 00:23:00,5,35
792,Park and Ride,Ojota,2024-03-05 00:12:00,2024-03-05 00:27:00,12,15
793,Oworo,Idera,2024-03-06 00:16:00,2024-03-06 00:31:00,7,34
794,Ikeja,Moshalashi,2024-03-07 00:20:00,2024-03-07 00:35:00,14,18
795,Abule Egba,Aruna,2024-03-08 00:24:00,2024-03-08 00:39:00,11,40
796,Costain,Inner Marina,2024-03-09 00:28:00,2024-03-09 00:43:00,13,36
797,Stadium,Oshodi,2024-03-10 00:32:00,2024-03-10 00:47:00,9,28
798,Stadium,Aruna,2024-03-11 00:36:00,2024-03-11 00:51:00,11,43
799,Ketu,Onipanu,2024-03-12 00:40:00,2024-03-12 00:55:00,3,51
800,Barracks,Moshalashi,2024-03-13 00:44:00,2024-03-13 00:59:00,7,36
801,Aruna,Fadeyi,2024-03-14 00:48:00,2024-03-14 01:03:00,1,37
802,Iyana Ipaja,Ketu,2024-03-15 00:52:00,2024-03-15 01:07:00,1,16
803,Iyana Ipaja,TBS,2024-03-16 00:56:00,2024-03-16 01:11:00,9,22
804,Onipanu,Yaba,2024-03-17 01:00:00,2024-03-17 01:15:00,1,12
805,Aruna,Alapere,2024-03-18 01:04:00,2024-03-18 01:19:00,2,23
806,Berger,Obalende,2024-03-19 01:08:00,2024-03-19 01:23:00,9,45
807,Alapere,Inner Marina,2024-03-20 01:12:00,2024-03-20 01:27:00,7,45
808,Oworo,Agric,2024-03-21 01:16:00,2024-03-21 01:31:00,2,25
809,Berger,Stadium,2024-03-22 01:20:00,2024-03-22 01:35:00,6,14
810,Yaba,Ketu,2024-03-23 01:24:00,2024-03-23 01:39:00,1,55
811,TBS,Iyana Ipaja,2024-03-24 01:28:00,2024-03-24 01:43:00,14,13
812,Onipanu,Irawo,2024-03-25 01:32:00,2024-03-25 01:47:00,11,43
813,Oworo,Victoria Island,2024-03-26 01:36:00,2024-03-26 01:51:00,4,22
814,Iyana Ipaja,Oworo,2024-03-27 01:40:00,2024-03-27 01:55:00,6,52
815,Ikeja,Berger,2024-03-28 01:44:00,2024-03-28 01:59:00,6,28
816,Inner Marina,Iyana Ipaja,2024-03-29 01:48:00,2024-03-29 02:03:00,4,52
817,Park and Ride,Ajah,2024-03-30 01:52:00,2024-03-30 02:07:00,5,11
818,Iyana Ipaja,Palm Groove,2024-03-31 01:56:00,2024-03-31 02:11:00,3,44
819,Barracks,Ajah,2024-04-01 02:00:00,2024-04-01 02:15:00,11,53
820,CMS,Inner Marina,2024-04-02 02:04:00,2024-04-02 02:19:00,5,47
821,Agric,Palm Groove,2024-04-03 02:08:00,2024-04-03 02:23:00,5,54
822,Idera,CMS,2024-04-04 02:12:00,2024-04-04 02:27:00,13,38
823,Onipanu,Irawo,2024-04-05 02:16:00,2024-04-05 02:31:00,8,39
824,Ketu,Berger,2024-04-06 02:20:00,2024-04-06 02:35:00,11,28
825,Yaba,Aruna,2024-04-07 02:24:00,2024-04-07 02:39:00,12,52
826,CMS,Yaba,2024-04-08 02:28:00,2024-04-08 02:43:00,1,34
827,Ikeja,Tollgate,2024-04-09 02:32:00,2024-04-09 02:47:00,13,46
828,Tollgate,Oworo,2024-04-10 02:36:00,2024-04-10 02:51:00,1,29
829,TBS,Idera,2024-04-11 02:40:00,2024-04-11 02:55:00,10,53
830,Ajah,Ikeja,2024-04-12 02:44:00,2024-04-12 02:59:00,6,33
831,Alausa,Victoria Island,2024-04-13 02:48:00,2024-04-13 03:03:00,2,28
832,Irawo,Idera,2024-04-14 02:52:00,2024-04-14 03:07:00,12,32
833,Park and Ride,Abule Egba,2024-04-15 02:56:00,2024-04-15 03:11:00,12,45
834,Onipanu,Berger,2024-04-16 03:00:00,2024-04-16 03:15:00,7,29
835,Iyana Ipaja,Ketu,2024-04-17 03:04:00,2024-04-17 03:19:00,1,52
836,TBS,Barracks,2024-04-18 03:08:00,2024-04-18 03:23:00,3,14
837,Irawo,Tollgate,2024-04-19 03:12:00,2024-04-19 03:27:00,9,18
838,CMS,Moshalashi,2024-04-20 03:16:00,2024-04-20 03:31:00,3,40
839,Palm Groove,Onipanu,2024-04-21 03:20:00,2024-04-21 03:35:00,4,38
840,Ikeja,Ajah,2024-04-22 03:24:00,2024-04-22 03:39:00,1,25
841,Costain,Lekki,2024-04-23 03:28:00,2024-04-23 03:43:00,14,37
842,Moshalashi,Victoria Island,2024-04-24 03:32:00,2024-04-24 03:47:00,8,22
843,Barracks,Oworo,2024-04-25 03:36:00,2024-04-25 03:51:00,5,20
844,Ajah,TBS,2024-04-26 03:40:00,2024-04-26 03:55:00,4,43
845,Oworo,Agric,2024-04-27 03:44:00,2024-04-27 03:59:00,11,27
846,Barracks,Aruna,2024-04-28 03:48:00,2024-04-28 04:03:00,1,13
847,Ikeja,Oworo,2024-04-29 03:52:00,2024-04-29 04:07:00,14,11
848,Park and Ride,Lekki,2024-04-30 03:56:00,2024-04-30 04:11:00,2,31
849,Abule Egba,Iyana Ipaja,2024-05-01 04:00:00,2024-05-01 04:15:00,8,43
850,Idera,CMS,2024-05-02 04:04:00,2024-05-02 04:19:00,1,34
851,Onipanu,Inner Marina,2024-05-03 04:08:00,2024-05-03 04:23:00,2,14
852,Obalende,Costain,2024-05-04 04:12:00,2024-05-04 04:27:00,7,37
853,Ojota,Oshodi,2024-05-05 04:16:00,2024-05-05 04:31:00,7,44
854,Oworo,Barracks,2024-05-06 04:20:00,2024-05-06 04:35:00,11,31
855,CMS,Lekki,2024-05-07 04:24:00,2024-05-07 04:39:00,2,22
856,Alapere,Irawo,2024-05-08 04:28:00,2024-05-08 04:43:00,11,38
857,Alapere,Ajah,2024-05-09 04:32:00,2024-05-09 04:47:00,8,19
858,Onipanu,Tollgate,2024-05-10 04:36:00,2024-05-10 04:51:00,3,12
859,Iyana Ipaja,Ajah,2024-05-11 04:40:00,2024-05-11 04:55:00,12,24
860,Ojota,Berger,2024-05-12 04:44:00,2024-05-12 04:59:00,12,21
861,Leventis,Barracks,2024-05-13 04:48:00,2024-05-13 05:03:00,1,47
862,Onipanu,Alapere,2024-05-14 04:52:00,2024-05-14 05:07:00,5,23
863,Inner Marina,Leventis,2024-05-15 04:56:00,2024-05-15 05:11:00,13,10
864,Ikeja,CMS,2024-05-16 05:00:00,2024-05-16 05:15:00,11,27
865,Victoria Island,Alausa,2024-05-17 05:04:00,2024-05-17 05:19:00,7,24
866,Lekki,Victoria Island,2024-05-18 05:08:00,2024-05-18 05:23:00,8,47
867,Irawo,CMS,2024-05-19 05:12:00,2024-05-19 05:27:00,13,19
868,Iyana Ipaja,Oworo,2024-05-20 05:16:00,2024-05-20 05:31:00,14,36
869,Iyana Ipaja,Obalende,2024-05-21 05:20:00,2024-05-21 05:35:00,5,48
870,Irawo,Alausa,2024-05-22 05:24:00,2024-05-22 05:39:00,5,45
871,Agric,CMS,2024-05-23 05:28:00,2024-05-23 05:43:00,9,44
872,Palm Groove,Lekki,2024-05-24 05:32:00,2024-05-24 05:47:00,10,32
873,Oworo,Ojota,2024-05-25 05:36:00,2024-05-25 05:51:00,13,37
874,Irawo,TBS,2024-05-26 05:40:00,2024-05-26 05:55:00,13,22
875,Leventis,Stadium,2024-05-27 05:44:00,2024-05-27 05:59:00,2,46
876,Ojota,Lekki,2024-05-28 05:48:00,2024-05-28 06:03:00,8,29
877,Iyana Ipaja,Leventis,2024-05-29 05:52:00,2024-05-29 06:07:00,12,54
878,Iyana Ipaja,Aruna,2024-05-30 05:56:00,2024-05-30 06:11:00,6,52
879,Ketu,Ikeja,2024-05-31 06:00:00,2024-05-31 06:15:00,13,38
880,Ikeja,Leventis,2024-06-01 06:04:00,2024-06-01 06:19:00,13,15
881,Palm Groove,Onipanu,2024-06-02 06:08:00,2024-06-02 06:23:00,4,20
882,Ojota,Oshodi,2024-06-03 06:12:00,2024-06-03 06:27:00,5,34
883,Iyana Ipaja,Alausa,2024-06-04 06:16:00,2024-06-04 06:31:00,10,44
884,Ajah,Ketu,2024-06-05 06:20:00,2024-06-05 06:35:00,2,44
885,Berger,Abule Egba,2024-06-06 06:24:00,2024-06-06 06:39:00,11,27
886,Oworo,Barracks,2024-06-07 06:28:00,2024-06-07 06:43:00,1,36
887,Leventis,Yaba,2024-06-08 06:32:00,2024-06-08 06:47:00,11,53
888,Alapere,Fadeyi,2024-06-09 06:36:00,2024-06-09 06:51:00,10,35
889,Stadium,Berger,2024-06-10 06:40:00,2024-06-10 06:55:00,7,22
890,Alapere,Berger,2024-06-11 06:44:00,2024-06-11 06:59:00,12,19
891,Tollgate,Lekki,2024-06-12 06:48:00,2024-06-12 07:03:00,3,37
892,Iyana Ipaja,Abule Egba,2024-06-13 06:52:00,2024-06-13 07:07:00,1,42
893,Moshalashi,Alapere,2024-06-14 06:56:00,2024-06-14 07:11:00,2,52
894,Obalende,Irawo,2024-06-15 07:00:00,2024-06-15 07:15:00,12,38
895,Alausa,Ketu,2024-06-16 07:04:00,2024-06-16 07:19:00,1,35
896,Victoria Island,Tollgate,2024-06-17 07:08:00,2024-06-17 07:23:00,6,42
897,Ketu,Leventis,2024-06-18 07:12:00,2024-06-18 07:27:00,14,31
898,Moshalashi,Park and Ride,2024-06-19 07:16:00,2024-06-19 07:31:00,10,33
899,Yaba,Abule Egba,2024-06-20 07:20:00,2024-06-20 07:35:00,7,18
900,Idera,Victoria Island,2024-06-21 07:24:00,2024-06-21 07:39:00,2,42
901,Oworo,Costain,2024-06-22 07:28:00,2024-06-22 07:43:00,6,13
902,Oworo,Onipanu,2024-06-23 07:32:00,2024-06-23 07:47:00,1,26
903,Yaba,Barracks,2024-06-24 07:36:00,2024-06-24 07:51:00,5,38
904,Alapere,Idera,2024-06-25 07:40:00,2024-06-25 07:55:00,12,55
905,Ikeja,Oshodi,2024-06-26 07:44:00,2024-06-26 07:59:00,14,29
906,Tollgate,Iyana Ipaja,2024-06-27 07:48:00,2024-06-27 08:03:00,4,12
907,Palm Groove,Agric,2024-06-28 07:52:00,2024-06-28 08:07:00,14,40
908,Yaba,Berger,2024-06-29 07:56:00,2024-06-29 08:11:00,2,55
909,TBS,Idera,2024-06-30 08:00:00,2024-06-30 08:15:00,3,44
910,Berger,CMS,2024-07-01 08:04:00,2024-07-01 08:19:00,1,38
911,Victoria Island,Lekki,2024-07-02 08:08:00,2024-07-02 08:23:00,5,15
912,Onipanu,Costain,2024-07-03 08:12:00,2024-07-03 08:27:00,10,48
913,Abule Egba,Palm Groove,2024-07-04 08:16:00,2024-07-04 08:31:00,11,49
914,Victoria Island,Idera,2024-07-05 08:20:00,2024-07-05 08:35:00,12,36
915,Oshodi,Fadeyi,2024-07-06 08:24:00,2024-07-06 08:39:00,11,20
916,Moshalashi,Oshodi,2024-07-07 08:28:00,2024-07-07 08:43:00,10,21
917,Ikeja,Stadium,2024-07-08 08:32:00,2024-07-08 08:47:00,9,32
918,Ikeja,Inner Marina,2024-07-09 08:36:00,2024-07-09 08:51:00,11,37
919,Irawo,Palm Groove,2024-07-10 08:40:00,2024-07-10 08:55:00,13,31
920,Aruna,Onipanu,2024-07-11 08:44:00,2024-07-11 08:59:00,5,15
921,Costain,Ajah,2024-07-12 08:48:00,2024-07-12 09:03:00,3,22
922,Palm Groove,Ojota,2024-07-13 08:52:00,2024-07-13 09:07:00,12,14
923,Park and Ride,Inner Marina,2024-07-14 08:56:00,2024-07-14 09:11:00,6,47
924,Park and Ride,Aruna,2024-07-15 09:00:00,2024-07-15 09:15:00,8,30
925,Leventis,Inner Marina,2024-07-16 09:04:00,2024-07-16 09:19:00,2,50
926,Aruna,Palm Groove,2024-07-17 09:08:00,2024-07-17 09:23:00,14,19
927,Lekki,Abule Egba,2024-07-18 09:12:00,2024-07-18 09:27:00,14,46
928,Iyana Ipaja,TBS,2024-07-19 09:16:00,2024-07-19 09:31:00,9,25
929,Barracks,Ketu,2024-07-20 09:20:00,2024-07-20 09:35:00,10,47
930,Ojota,Victoria Island,2024-07-21 09:24:00,2024-07-21 09:39:00,11,33
931,Moshalashi,TBS,2024-07-22 09:28:00,2024-07-22 09:43:00,6,13
932,Idera,Stadium,2024-07-23 09:32:00,2024-07-23 09:47:00,1,22
933,TBS,Costain,2024-07-24 09:36:00,2024-07-24 09:51:00,5,43
934,Tollgate,Berger,2024-07-25 09:40:00,2024-07-25 09:55:00,7,40
935,Lekki,Ketu,2024-07-26 09:44:00,2024-07-26 09:59:00,4,46
936,Moshalashi,Onipanu,2024-07-27 09:48:00,2024-07-27 10:03:00,4,25
937,Stadium,Idera,2024-07-28 09:52:00,2024-07-28 10:07:00,1,24
938,Lekki,Ajah,2024-07-29 09:56:00,2024-07-29 10:11:00,4,35
939,Irawo,Obalende,2024-07-30 10:00:00,2024-07-30 10:15:00,2,53
940,Park and Ride,Inner Marina,2024-07-31 10:04:00,2024-07-31 10:19:00,3,31
941,Alausa,Stadium,2024-08-01 10:08:00,2024-08-01 10:23:00,9,40
942,Leventis,TBS,2024-08-02 10:12:00,2024-08-02 10:27:00,2,54
943,Costain,Ketu,2024-08-03 10:16:00,2024-08-03 10:31:00,9,17
944,Irawo,TBS,2024-08-04 10:20:00,2024-08-04 10:35:00,1,38
945,Ikeja,Tollgate,2024-08-05 10:24:00,2024-08-05 10:39:00,10,25
946,Alapere,Agric,2024-08-06 10:28:00,2024-08-06 10:43:00,8,21
947,TBS,Oshodi,2024-08-07 10:32:00,2024-08-07 10:47:00,7,22
948,Inner Marina,Moshalashi,2024-08-08 10:36:00,2024-08-08 10:51:00,14,55
949,Obalende,Costain,2024-08-09 10:40:00,2024-08-09 10:55:00,11,39
950,Ajah,Alapere,2024-08-10 10:44:00,2024-08-10 10:59:00,2,17
951,Oshodi,Ikeja,2024-08-11 10:48:00,2024-08-11 11:03:00,9,26
952,Palm Groove,Lekki,2024-08-12 10:52:00,2024-08-12 11:07:00,9,46
953,Palm Groove,Ajah,2024-08-13 10:56:00,2024-08-13 11:11:00,2,45
954,Ketu,Inner Marina,2024-08-14 11:00:00,2024-08-14 11:15:00,8,44
955,Obalende,Tollgate,2024-08-15 11:04:00,2024-08-15 11:19:00,4,53
956,Irawo,Stadium,2024-08-16 11:08:00,2024-08-16 11:23:00,12,26
957,Inner Marina,Irawo,2024-08-17 11:12:00,2024-08-17 11:27:00,13,49
958,Fadeyi,Stadium,2024-08-18 11:16:00,2024-08-18 11:31:00,13,47
959,Alausa,Ajah,2024-08-19 11:20:00,2024-08-19 11:35:00,7,21
960,CMS,Oshodi,2024-08-20 11:24:00,2024-08-20 11:39:00,7,37
961,Stadium,Inner Marina,2024-08-21 11:28:00,2024-08-21 11:43:00,8,10
962,Lekki,TBS,2024-08-22 11:32:00,2024-08-22 11:47:00,10,33
963,Park and Ride,Yaba,2024-08-23 11:36:00,2024-08-23 11:51:00,6,27
964,Moshalashi,Obalende,2024-08-24 11:40:00,2024-08-24 11:55:00,2,37
965,Leventis,Fadeyi,2024-08-25 11:44:00,2024-08-25 11:59:00,8,28
966,Park and Ride,Ajah,2024-08-26 11:48:00,2024-08-26 12:03:00,13,26
967,Lekki,Ketu,2024-08-27 11:52:00,2024-08-27 12:07:00,5,50
968,Alausa,Tollgate,2024-08-28 11:56:00,2024-08-28 12:11:00,4,17
969,TBS,Lekki,2024-08-29 12:00:00,2024-08-29 12:15:00,5,43
970,Inner Marina,Ojota,2024-08-30 12:04:00,2024-08-30 12:19:00,2,24
971,Oworo,Agric,2024-08-31 12:08:00,2024-08-31 12:23:00,10,17
972,Leventis,Onipanu,2024-09-01 12:12:00,2024-09-01 12:27:00,2,43
973,TBS,Moshalashi,2024-09-02 12:16:00,2024-09-02 12:31:00,1,46
974,Costain,Tollgate,2024-09-03 12:20:00,2024-09-03 12:35:00,11,11
975,Ikeja,Victoria Island,2024-09-04 12:24:00,2024-09-04 12:39:00,5,46
976,Palm Groove,Onipanu,2024-09-05 12:28:00,2024-09-05 12:43:00,6,11
977,Tollgate,Irawo,2024-09-06 12:32:00,2024-09-06 12:47:00,10,21
978,Stadium,Obalende,2024-09-07 12:36:00,2024-09-07 12:51:00,6,24
979,Irawo,Abule Egba,2024-09-08 12:40:00,2024-09-08 12:55:00,8,42
980,Alapere,Lekki,2024-09-09 12:44:00,2024-09-09 12:59:00,9,50
981,CMS,Abule Egba,2024-09-10 12:48:00,2024-09-10 13:03:00,9,29
982,Oworo,Aruna,2024-09-11 12:52:00,2024-09-11 13:07:00,4,24
983,Iyana Ipaja,Ajah,2024-09-12 12:56:00,2024-09-12 13:11:00,5,10
984,Ketu,Park and Ride,2024-09-13 13:00:00,2024-09-13 13:15:00,14,22
985,Alapere,Ikeja,2024-09-14 13:04:00,2024-09-14 13:19:00,13,39
986,Park and Ride,Ikeja,2024-09-15 13:08:00,2024-09-15 13:23:00,5,48
987,Onipanu,CMS,2024-09-16 13:12:00,2024-09-16 13:27:00,9,39
988,Leventis,Onipanu,2024-09-17 13:16:00,2024-09-17 13:31:00,1,43
989,Park and Ride,Irawo,2024-09-18 13:20:00,2024-09-18 13:35:00,3,33
990,Onipanu,Oshodi,2024-09-19 13:24:00,2024-09-19 13:39:00,1,30
991,Leventis,Alausa,2024-09-20 13:28:00,2024-09-20 13:43:00,2,11
992,Barracks,Tollgate,2024-09-21 13:32:00,2024-09-21 13:47:00,10,46
993,Leventis,Victoria Island,2024-09-22 13:36:00,2024-09-22 13:51:00,13,29
994,TBS,Berger,2024-09-23 13:40:00,2024-09-23 13:55:00,9,43
995,Stadium,CMS,2024-09-24 13:44:00,2024-09-24 13:59:00,14,51
996,Oshodi,Yaba,2024-09-25 13:48:00,2024-09-25 14:03:00,14,55
997,Ajah,Leventis,2024-09-26 13:52:00,2024-09-26 14:07:00,14,30
998,Inner Marina,Victoria Island,2024-09-27 13:56:00,2024-09-27 14:11:00,8,37
999,CMS,Ikeja,2024-09-28 14:00:00,2024-09-28 14:15:00,1,38
1000,Lekki,Victoria Island,2024-09-29 14:04:00,2024-09-29 14:19:00,10,52