id,track_id,type,traveled_d,avg_speed,lat,lon,speed,lon_acc,lat_acc,time,location_id
342,343, Medium Vehicle,177.75,9.724672,37.978357,23.737813,22.2933,0.0211,-0.0124,311.0,43.0
1,2, Car,103.37,18.98578,37.978027,23.737237,19.5936,-0.0688,-0.8172,0.0,3.0
2,3, Motorcycle,130.36,32.589339,37.97811,23.737129,0.0053,0.0083,0.0,0.0,4.0
3,4, Motorcycle,160.7,26.537342,37.978128,23.737149,0.0022,0.0031,0.0,0.0,4.0
4,5, Car,164.14,26.379138,37.978152,23.73711,0.0015,0.0024,0.0,0.0,4.0
5,6, Car,165.99,32.476871,37.978167,23.737061,0.001,0.0016,0.0,0.0,5.0
6,7, Car,87.71,18.573518,37.97817,23.737139,0.0019,0.0031,0.0,0.0,4.0
8,9, Medium Vehicle,184.53,19.424395,37.978254,23.737071,0.0,0.0,0.0,0.0,6.0
9,10, Car,170.03,23.910754,37.97821,23.737102,0.0,0.0,0.0,0.0,4.0
10,11, Medium Vehicle,205.34,19.453229,37.978406,23.736942,18.8419,0.0465,0.0424,0.0,7.0
11,12, Car,241.63,31.747623,37.978739,23.736637,42.7585,0.0488,-0.0872,0.0,8.0
12,13, Motorcycle,264.08,43.213059,37.979142,23.736253,49.7734,1.455,-2.1793,0.0,9.0
13,14, Car,317.96,15.141153,37.979144,23.736341,31.3498,0.0639,0.077,0.0,10.0
14,15, Car,276.12,40.7397,37.97923,23.736212,45.3269,-0.0458,-0.0033,0.0,11.0
15,16, Car,322.99,40.942124,37.979343,23.736105,43.3951,0.0363,0.0378,0.0,9.0
17,18, Car,318.99,42.532032,37.979525,23.735949,43.9536,0.0106,0.0666,0.0,12.0
18,19, Car,361.17,32.183311,37.979579,23.735953,33.0217,-0.0353,-0.1139,0.0,13.0
19,20, Car,251.77,18.649282,37.979709,23.73585,33.2498,-0.0761,-0.4103,0.0,14.0
20,21, Medium Vehicle,240.11,1.129949,37.980069,23.73555,42.7217,0.0263,0.043,0.0,9.0
21,22, Bus,441.65,22.082708,37.980221,23.735381,27.2165,-0.0213,0.0855,0.0,15.0
22,23, Bus,91.89,2.866484,37.980077,23.735125,1.7172,-0.4304,-0.0059,0.0,16.0
23,24, Car,54.29,24.431819,37.979424,23.737427,16.8929,-0.0602,-0.0235,0.0,17.0
24,25, Car,193.4,15.823813,37.979474,23.737482,9.0533,-0.0341,-1.3177,0.0,17.0
25,26, Taxi,399.79,33.471032,37.979856,23.735727,35.187,0.0022,0.0335,0.0,14.0
26,27, Motorcycle,206.37,25.796614,37.979375,23.737303,19.3826,0.097,-0.0731,0.0,17.0
28,29, Car,269.56,15.960661,37.978448,23.738337,0.0031,0.0088,0.0001,0.0,18.0
29,30, Taxi,215.06,39.908495,37.978544,23.736744,42.2599,-0.1937,0.0972,0.0,19.0
30,31, Taxi,185.11,21.777084,37.978244,23.737046,0.0,0.0,0.0,0.0,20.0
31,32, Bus,62.73,0.596135,37.979952,23.734847,0.0,0.0,0.0,0.0,16.0
32,33, Car,33.27,0.377858,37.977436,23.737591,0.0,0.0,0.0,0.0,2.0
33,34, Motorcycle,225.91,2.968103,37.979683,23.735036,0.0,0.0,0.0,0.0,21.0
34,35, Car,135.23,7.055524,37.978618,23.73831,0.0,0.0,0.0,0.0,22.0
35,36, Motorcycle,176.14,8.831579,37.979813,23.736518,0.0,0.0,0.0,0.0,23.0
36,37, Motorcycle,189.4,6.243931,37.978604,23.738271,0.0,0.0,0.0,0.0,22.0
37,38, Car,62.05,12.410538,37.979251,23.735401,6.5068,-0.0182,-0.0305,0.0,24.0
39,40, Medium Vehicle,312.76,13.730949,37.978849,23.736336,0.0,0.0,0.0,0.0,26.0
40,41, Car,190.09,12.960553,37.978747,23.736151,14.6142,0.0389,0.1258,0.0,27.0
41,42, Motorcycle,8.74,1.300847,37.978873,23.736436,4.8392,-0.0062,0.1072,0.0,28.0
42,43, Taxi,220.38,6.028715,37.978387,23.735525,0.0,0.0,0.0,0.0,29.0
43,44, Medium Vehicle,73.43,2.163196,37.978844,23.737311,0.0,0.0,0.0,0.0,30.0
44,45, Heavy Vehicle,211.0,1.221616,37.978419,23.736104,0.0,0.0,0.0,0.0,31.0
45,46, Motorcycle,57.01,0.360167,37.978842,23.737773,0.0,0.0,0.0,0.0,18.0
46,47, Car,31.29,0.147388,37.978702,23.737499,0.0,0.0,0.0,0.0,32.0
47,48, Car,13.89,0.065346,37.97919,23.736687,0.0,0.0,0.0,0.0,9.0
48,49, Heavy Vehicle,151.94,1.290069,37.977927,23.737203,0.0,0.0,0.0,0.0,33.0
50,51, Car,213.07,3.320532,37.978414,23.735579,0.0,0.0,0.0,0.0,1.0
51,52, Car,72.06,0.69138,37.979303,23.735487,0.0,0.0,0.0,0.0,24.0
52,53, Car,358.04,2.297608,37.979719,23.73637,0.0,0.0,0.0,0.0,35.0
53,54, Motorcycle,143.78,24.416079,37.980261,23.737296,22.2391,0.1218,-0.0211,0.0,36.0
54,55, Car,239.18,16.883298,37.980047,23.73692,0.0,0.0,0.0,0.0,23.0
55,56, Medium Vehicle,226.25,18.94194,37.980071,23.736968,0.0,0.0,0.0,0.0,23.0
56,57, Motorcycle,212.45,17.461946,37.979367,23.737326,17.1221,0.0537,0.0607,0.0,17.0
57,58, Motorcycle,453.04,20.540812,37.980656,23.734825,53.5408,0.0367,-0.0306,2.8,37.0
58,59, Motorcycle,286.31,23.532666,37.978878,23.737991,47.4734,-1.5588,0.5518,3.6,18.0
59,60, Car,276.62,19.99685,37.978316,23.73534,32.9494,-0.0346,0.0325,5.6,1.0
60,61, Car,24.72,20.223708,37.980867,23.736445,20.6701,0.0117,0.0768,6.2,38.0
62,63, Car,23.19,10.982662,37.980866,23.736441,20.0228,-0.0156,-0.1031,13.6,38.0
63,64, Car,113.75,24.087633,37.980061,23.73703,18.3503,-0.0653,-0.1173,14.8,39.0
64,65, Car,117.97,23.858356,37.980069,23.737019,22.0078,-0.0594,-0.1456,16.8,23.0
65,66, Car,58.83,2.092864,37.977623,23.737439,0.0,0.0,0.0,17.2,40.0
66,67, Taxi,118.33,21.73424,37.980064,23.737037,22.1687,-0.0363,-0.0645,19.8,39.0
67,68, Motorcycle,475.29,41.732563,37.98072,23.734949,38.0932,-0.0049,-0.0936,21.0,41.0
350,351, Car,388.42,20.090604,37.978309,23.735338,21.5158,0.0235,-0.0338,320.2,1.0
69,70, Motorcycle,476.25,51.641667,37.980757,23.735013,65.7944,0.0969,-0.051,22.6,42.0
70,71, Taxi,270.05,31.159553,37.980713,23.73497,43.559,0.045,0.1071,22.8,41.0
71,72, Bus,508.81,34.691372,37.980712,23.734938,24.5156,-0.0404,-0.2331,23.4,41.0
72,73, Car,508.01,38.746239,37.980743,23.734987,28.4163,-0.057,0.0948,23.8,41.0
74,75, Motorcycle,507.99,50.798558,37.980743,23.735019,49.5729,-0.0034,-0.0127,25.8,42.0
75,76, Motorcycle,345.28,39.58595,37.978309,23.735348,46.5595,-0.1255,0.284,26.0,1.0
76,77, Motorcycle,478.44,37.771458,37.980739,23.735019,41.7094,0.02,0.0934,26.8,42.0
77,78, Medium Vehicle,278.23,15.31521,37.978321,23.735326,23.7269,-0.0371,-0.0307,26.8,1.0
78,79, Car,116.2,22.489609,37.977629,23.737407,14.4273,-0.0007,0.4017,27.6,40.0
79,80, Motorcycle,111.27,25.352028,37.977617,23.737412,10.8721,-0.1479,0.6325,27.6,40.0
80,81, Car,197.35,15.377972,37.979949,23.736648,6.1342,-0.0165,0.1513,29.2,23.0
81,82, Bus,509.74,37.450235,37.98072,23.734963,37.7804,0.0,-0.0057,29.4,41.0
82,83, Car,514.5,30.166144,37.980736,23.735004,37.6128,0.08,-0.0534,29.6,41.0
84,85, Motorcycle,382.87,16.97432,37.978315,23.735338,32.0541,-0.0934,0.0928,30.0,1.0
85,86, Motorcycle,472.97,62.142222,37.98074,23.735036,80.9483,0.1176,0.2683,31.0,42.0
86,87, Taxi,349.02,14.442396,37.978326,23.735341,24.966,0.0172,-0.0071,31.4,1.0
87,88, Taxi,470.59,19.383571,37.980701,23.734939,42.0936,0.0181,-0.018,31.6,41.0
88,89, Motorcycle,381.56,18.266269,37.978314,23.735332,23.1355,0.0126,0.1299,32.0,1.0
89,90, Motorcycle,349.06,16.577843,37.978303,23.735343,20.9585,-0.014,-0.1484,32.0,1.0
90,91, Car,503.62,44.005479,37.980738,23.735036,52.2143,-0.1787,-0.219,32.2,42.0
91,92, Car,506.81,35.915669,37.980728,23.735003,39.9572,-0.3685,-0.1676,32.4,41.0
92,93, Car,471.95,39.148339,37.980734,23.734993,40.2669,0.0,0.0166,33.8,41.0
93,94, Taxi,270.42,30.422099,37.980709,23.734947,39.2099,0.0009,-0.0183,34.0,41.0
94,95, Car,301.08,1.497482,37.978321,23.73534,23.0976,0.0532,0.0122,34.2,1.0
96,97, Car,380.17,18.247964,37.978315,23.735336,21.5324,0.0213,-0.0605,36.0,1.0
97,98, Car,232.64,16.683096,37.978317,23.735333,18.3755,-0.0532,0.054,38.0,1.0
98,99, Car,431.08,20.259848,37.980734,23.735028,69.0227,0.0769,0.0438,38.4,42.0
99,100, Medium Vehicle,480.98,22.371139,37.980717,23.734976,44.0773,0.0224,-0.0165,38.6,41.0
100,101, Car,505.24,22.235693,37.980723,23.735003,39.4572,0.0592,0.0743,40.2,41.0
101,102, Car,379.94,18.335063,37.978316,23.735336,17.7751,-0.0446,-0.023,40.4,1.0
102,103, Car,385.58,20.717465,37.978319,23.735333,20.5998,-0.0071,-0.0861,42.6,1.0
103,104, Heavy Vehicle,391.12,17.556347,37.978317,23.735334,19.7865,0.0036,0.1338,45.4,1.0
104,105, Medium Vehicle,383.82,8.914531,37.978305,23.735335,18.2306,0.0021,-0.0429,47.0,1.0
106,107, Car,30.82,3.362365,37.977638,23.737415,0.0028,0.0076,0.0,50.8,40.0
107,108, Motorcycle,199.39,15.272537,37.97993,23.736618,7.4018,-0.019,0.0988,55.4,23.0
108,109, Motorcycle,281.65,14.652377,37.978311,23.735347,28.1845,0.0122,0.131,59.8,1.0
109,110, Motorcycle,191.86,20.804432,37.980727,23.735013,41.3391,0.0681,-0.096,65.8,41.0
110,111, Motorcycle,512.56,30.249544,37.980714,23.734994,30.1313,0.0322,-0.0477,66.0,41.0
111,112, Motorcycle,165.41,27.067636,37.980721,23.73501,48.9554,0.092,-0.1051,67.2,41.0
112,113, Taxi,476.19,31.168983,37.980709,23.734985,32.9032,0.0446,0.0973,67.6,41.0
113,114, Car,268.6,31.394722,37.980695,23.734963,30.0938,-0.0575,0.0685,67.6,41.0
114,115, Car,66.97,15.86218,37.98074,23.73503,30.0427,-0.0146,0.0116,67.6,42.0
115,116, Bus,171.3,19.515165,37.980678,23.734926,23.7342,-0.0156,-0.0263,68.2,37.0
116,117, Taxi,270.5,18.584193,37.980713,23.734974,35.4951,0.0617,-0.0127,70.0,41.0
118,119, Motorcycle,452.77,19.404583,37.980728,23.735018,48.4338,0.1164,-0.1088,71.0,41.0
119,120, Taxi,482.0,23.835087,37.980707,23.734978,29.9316,0.0176,0.017,71.8,41.0
120,121, Heavy Vehicle,507.38,34.857884,37.980722,23.735004,34.8812,0.0575,0.0574,71.8,41.0
121,122, Car,389.8,10.997633,37.980741,23.735032,31.568,0.0209,0.0441,71.8,42.0
122,123, Motorcycle,518.43,41.474112,37.98073,23.735018,33.7965,0.0387,-0.0168,72.2,41.0
123,124, Car,268.58,18.106459,37.980689,23.734954,31.8706,0.028,-0.0555,72.8,41.0
124,125, Motorcycle,474.11,45.393958,37.980727,23.735,38.3576,0.0941,0.1361,72.8,41.0
125,126, Car,519.43,20.777305,37.980744,23.735026,35.2012,0.0543,0.0392,74.0,42.0
126,127, Taxi,508.16,35.452847,37.980721,23.734999,32.0307,0.0192,-0.1054,75.2,41.0
127,128, Car,408.33,11.019373,37.980009,23.736878,2.9939,-0.1448,0.3047,76.0,23.0
129,130, Medium Vehicle,391.92,10.853211,37.980742,23.735013,36.154,0.0202,0.0242,77.6,42.0
130,131, Car,406.57,18.668962,37.980055,23.736944,6.2467,-0.1867,-0.8096,78.0,23.0
131,132, Bus,509.88,24.215835,37.980721,23.734968,29.9477,0.0317,-0.0076,79.0,41.0
132,133, Motorcycle,519.26,37.537094,37.980739,23.735011,40.8172,-0.0009,0.1194,79.0,42.0
133,134, Car,30.6,12.517682,37.977626,23.737415,10.9545,-0.0297,0.2168,79.4,40.0
134,135, Car,509.53,23.21919,37.980737,23.734999,39.524,0.0392,0.1113,80.4,41.0
135,136, Car,391.43,17.526754,37.978319,23.735328,28.194,-0.0126,-0.0148,80.6,1.0
137,138, Car,508.86,21.91269,37.980749,23.73503,40.0054,0.0857,0.0415,82.2,42.0
138,139, Car,510.0,22.835727,37.980737,23.734992,36.8942,0.0156,0.0047,82.2,41.0
139,140, Car,333.4,13.956485,37.978314,23.735332,28.0596,-0.0103,-0.0469,82.8,1.0
140,141, Car,67.17,1.780599,37.977623,23.737405,9.2165,0.1022,1.144,83.0,40.0
141,142, Car,270.37,17.31896,37.980714,23.734972,35.877,0.0859,0.0519,83.0,41.0
142,143, Motorcycle,270.32,28.791939,37.980706,23.734946,36.4545,0.0303,0.0956,83.0,41.0
143,144, Motorcycle,229.23,18.670435,37.978317,23.735329,29.7961,0.0822,0.0181,83.8,1.0
144,145, Taxi,493.99,21.901159,37.980727,23.735012,38.9309,0.1391,0.0275,84.8,41.0
145,146, Car,473.83,22.683577,37.980716,23.734969,33.7254,0.2211,-0.0228,84.8,41.0
147,148, Taxi,270.01,14.772706,37.980706,23.734951,35.4315,-0.042,0.0795,86.6,41.0
148,149, Motorcycle,63.21,20.686843,37.977624,23.737411,18.4271,-4.4459,1.7163,93.2,40.0
149,150, Motorcycle,104.14,12.581179,37.977628,23.737413,4.8137,0.4757,0.0,105.6,40.0
150,151, Car,264.91,34.806131,37.978308,23.735334,33.7564,-2.4257,-1.2645,110.2,1.0
151,152, Medium Vehicle,139.73,20.786774,37.978392,23.737875,21.9913,0.173,-0.022,111.6,43.0
152,153, Car,212.64,14.721379,37.980068,23.736965,11.3728,0.4723,-1.0981,112.4,23.0
153,154, Motorcycle,474.03,44.672809,37.980733,23.734984,43.2014,0.0708,-0.0364,112.4,41.0
154,155, Taxi,476.8,33.009193,37.980704,23.734938,20.3351,0.0054,-0.0136,112.6,41.0
155,156, Taxi,474.96,36.072605,37.980712,23.734975,22.4956,0.0015,-0.0195,114.4,41.0
157,158, Motorcycle,485.47,44.583874,37.980729,23.734986,30.6758,0.022,-0.0069,115.0,41.0
160,161, Motorcycle,368.17,41.419393,37.978313,23.735321,52.6824,3.3825,-0.1079,116.6,1.0
161,162, Car,29.62,11.343938,37.97763,23.737405,0.6867,-0.1556,-0.0246,118.0,40.0
162,163, Taxi,501.07,35.094048,37.980746,23.735026,44.3525,0.0631,0.0021,118.0,42.0
163,164, Taxi,469.94,17.696394,37.980702,23.734969,24.2081,0.1401,-0.0273,118.0,41.0
164,165, Motorcycle,371.14,16.5768,37.97831,23.735344,39.6206,0.0595,-0.1236,118.0,1.0
165,166, Car,489.13,18.934163,37.980726,23.735003,31.701,0.1666,-0.0306,118.4,41.0
166,167, Motorcycle,375.35,16.048417,37.978308,23.735322,38.3444,1.0423,-1.5454,118.6,1.0
167,168, Car,269.55,14.526773,37.980694,23.734947,26.4655,0.0747,-0.0116,119.4,41.0
168,169, Car,469.39,35.50003,37.980706,23.734979,26.8943,0.1689,0.0458,120.0,41.0
169,170, Motorcycle,160.35,9.463233,37.980626,23.734835,35.6212,0.0872,0.1085,120.8,37.0
170,171, Car,372.21,15.472926,37.978305,23.735326,37.1623,0.8421,-0.739,121.0,1.0
171,172, Car,270.9,11.313492,37.980707,23.73498,25.5189,0.1919,0.0149,121.4,41.0
172,173, Medium Vehicle,487.58,20.268993,37.980729,23.735025,50.3651,-0.1794,0.0616,121.8,42.0
173,174, Motorcycle,264.47,14.042817,37.978311,23.735328,34.1198,0.0127,0.1028,122.8,1.0
174,175, Car,495.74,19.568817,37.980719,23.73501,37.7744,0.0011,-0.0357,123.0,41.0
175,176, Motorcycle,231.62,16.349352,37.978321,23.735338,33.6757,0.0011,-0.0035,123.6,1.0
176,177, Car,29.15,12.20289,37.977626,23.73741,7.4833,-0.1024,0.1494,124.2,40.0
177,178, Taxi,495.4,20.312472,37.980729,23.734996,35.8014,0.0144,0.0085,124.6,41.0
178,179, Medium Vehicle,237.65,14.904872,37.978311,23.735327,29.52,-0.026,-0.0231,124.8,1.0
179,180, Car,64.31,31.283917,37.980729,23.73504,47.0254,0.0448,0.0382,125.0,42.0
180,181, Car,235.95,14.798253,37.978309,23.735328,29.6964,-0.0492,-0.0231,127.2,1.0
181,182, Car,414.7,16.77435,37.980729,23.735003,53.6713,-1.0438,-0.0248,127.6,41.0
182,183, Motorcycle,235.89,15.726064,37.980066,23.736957,11.3497,1.6501,-0.904,127.8,23.0
183,184, Car,372.35,17.637759,37.97831,23.735327,26.1682,-0.0338,-0.0297,129.6,1.0
184,185, Taxi,306.19,17.331316,37.980063,23.736951,16.7463,0.8215,-0.5902,130.6,23.0
186,187, Motorcycle,34.87,0.198917,37.98013,23.737064,15.9272,0.035,-0.0017,134.0,44.0
187,188, Car,384.21,19.873039,37.978309,23.735332,23.6767,0.0333,0.0164,135.2,1.0
188,189, Taxi,393.26,12.823569,37.978302,23.735326,22.3983,0.0305,0.0617,136.4,1.0
189,190, Car,335.22,18.797281,37.97832,23.735325,21.2163,0.0552,0.0443,137.8,1.0
190,191, Car,423.49,2.447947,37.980627,23.734848,47.8013,0.0842,-0.002,142.2,37.0
191,192, Car,339.01,21.188229,37.978311,23.735333,31.5502,0.0172,0.0317,148.6,1.0
192,193, Motorcycle,55.53,4.648738,37.97806,23.737345,7.5764,0.0938,0.06,149.8,3.0
193,194, Taxi,233.64,11.617476,37.978315,23.735322,25.086,-0.0127,-0.0822,152.8,1.0
194,195, Taxi,475.23,36.871339,37.980719,23.73497,31.6178,-0.0078,-0.1198,156.2,41.0
195,196, Car,518.76,31.334406,37.980744,23.735027,32.3915,-0.0534,0.0803,156.4,42.0
196,197, Car,509.79,30.385048,37.980734,23.734998,22.0507,-0.0544,-0.0155,157.0,41.0
197,198, Taxi,468.14,34.115717,37.980687,23.734951,37.4558,0.0205,-0.0122,157.8,41.0
199,200, Car,496.58,37.089233,37.9807,23.734947,39.2922,0.0773,-0.0336,160.2,41.0
200,201, Taxi,467.97,13.78632,37.980703,23.734972,30.918,0.0275,-0.0881,164.2,41.0
201,202, Car,271.14,19.064514,37.980693,23.734943,43.5449,0.0311,-0.1135,164.8,41.0
202,203, Medium Vehicle,508.18,32.903563,37.980719,23.735006,40.1197,0.0165,0.0172,165.6,41.0
203,204, Motorcycle,174.71,10.210211,37.97794,23.738015,29.2059,0.1831,0.0437,166.4,45.0
205,206, Car,249.16,13.50852,37.98004,23.737038,8.889,-0.1625,-0.9613,167.4,39.0
206,207, Car,34.9,10.830301,37.977603,23.737366,5.5525,0.0116,0.0306,167.4,40.0
207,208, Car,470.26,40.695972,37.980726,23.735005,40.1112,0.0167,-0.0446,167.8,41.0
209,210, Motorcycle,468.01,32.906616,37.980689,23.73494,46.2662,0.0757,-0.1609,168.8,41.0
210,211, Car,468.15,22.652211,37.980716,23.734969,42.6345,0.0384,-0.037,170.6,41.0
211,212, Car,277.46,9.948784,37.978314,23.735334,33.6008,-0.0136,-0.0438,170.8,1.0
212,213, Car,507.76,39.058128,37.980715,23.735012,47.3709,-0.0083,0.009,171.6,41.0
213,214, Car,235.38,15.186075,37.978306,23.73533,30.0949,0.0362,-0.0071,172.6,1.0
214,215, Medium Vehicle,469.11,22.82142,37.98071,23.73497,44.7724,0.0329,-0.0743,173.4,41.0
215,216, Taxi,120.9,15.884303,37.97761,23.737374,11.7292,0.0751,0.2469,173.8,40.0
216,217, Medium Vehicle,133.17,9.149251,37.97835,23.737806,6.5496,0.0164,0.055,174.8,43.0
218,219, Car,250.94,9.509172,37.979269,23.737075,8.2565,-0.0019,0.3136,176.0,46.0
219,220, Car,301.83,18.109822,37.978322,23.735354,34.9678,-0.0398,0.0159,182.6,47.0
220,221, Car,97.61,20.669505,37.977626,23.737402,7.9126,-0.364,0.2086,184.2,40.0
221,222, Car,362.1,20.890225,37.978322,23.735359,25.5426,-0.1012,-0.0309,187.8,47.0
222,223, Car,231.07,10.831486,37.978316,23.735337,24.483,0.0816,-0.0123,190.0,1.0
223,224, Car,235.5,10.731598,37.978319,23.735326,25.2768,0.1979,0.0773,191.2,1.0
224,225, Car,277.23,12.200688,37.97831,23.735336,29.212,0.0272,0.013,195.8,1.0
225,226, Car,145.69,13.730225,37.97839,23.737875,5.6049,-0.1965,-0.0565,199.6,43.0
226,227, Car,270.41,20.030706,37.980719,23.73501,41.5983,0.3457,0.0249,201.0,41.0
227,228, Car,268.91,22.409326,37.980705,23.734974,31.8657,0.0258,0.0345,201.2,41.0
229,230, Bus,136.12,0.873832,37.980695,23.734949,22.7201,0.2151,-0.0377,204.2,41.0
230,231, Motorcycle,465.77,33.269404,37.980739,23.735044,26.0579,-0.1308,0.0207,204.4,42.0
231,232, Car,507.71,35.284932,37.980717,23.735011,37.4277,0.1,0.0087,205.0,41.0
232,233, Motorcycle,365.27,15.543392,37.978318,23.735352,45.3621,-0.0237,-0.0093,207.6,1.0
233,234, Car,486.23,39.072356,37.980717,23.735015,37.9286,-0.1176,0.034,208.0,41.0
234,235, Taxi,484.49,19.166709,37.980711,23.734972,21.998,-0.0006,-0.0415,208.2,41.0
235,236, Motorcycle,488.84,45.124044,37.980716,23.734993,37.832,0.0665,0.0913,208.8,41.0
236,237, Motorcycle,63.61,33.676726,37.980722,23.735035,47.3347,0.4157,-0.0196,209.0,41.0
237,238, Car,64.42,28.280246,37.980745,23.735037,36.975,0.0873,-0.0259,209.2,42.0
238,239, Motorcycle,496.89,41.794845,37.980713,23.734988,38.9044,-0.1796,0.0584,209.4,41.0
239,240, Taxi,342.55,12.042878,37.980689,23.734943,17.4343,0.0931,-0.0055,210.0,41.0
241,242, Car,499.88,38.126719,37.980722,23.735008,34.4294,0.0121,0.0049,210.4,41.0
242,243, Car,275.97,14.653266,37.97832,23.73533,35.186,-0.0284,0.0094,211.4,1.0
243,244, Car,499.2,36.826245,37.980734,23.735042,31.7686,-0.0417,0.0008,211.6,42.0
244,245, Taxi,476.6,41.644889,37.980707,23.734976,32.4109,-0.2625,-0.0038,212.2,41.0
245,246, Car,486.02,39.055508,37.980726,23.735001,33.0381,-0.0957,-0.0014,212.2,41.0
246,247, Car,204.48,9.413397,37.97843,23.737949,22.9609,0.3244,-0.0186,212.2,43.0
247,248, Taxi,269.85,12.883899,37.980692,23.734946,16.1807,0.0388,0.0134,212.8,41.0
248,249, Motorcycle,241.73,17.979931,37.978317,23.73533,39.3358,-0.1231,-0.0305,213.0,1.0
249,250, Taxi,365.33,15.619879,37.978302,23.735344,31.5293,-0.0847,-0.0392,213.6,1.0
251,252, Car,470.62,40.147703,37.980727,23.735004,29.5722,-0.1126,-0.0067,214.2,41.0
252,253, Motorcycle,349.52,17.331656,37.97832,23.735358,28.8862,-0.0798,0.01,215.4,47.0
253,254, Car,427.57,36.475287,37.980727,23.735,31.5078,0.008,-0.0296,215.6,41.0
254,255, Taxi,497.43,18.015709,37.980698,23.734968,29.7625,0.0841,0.0214,215.6,41.0
255,256, Taxi,370.08,18.101794,37.97831,23.735351,30.7687,-0.0854,-0.0204,216.8,1.0
256,257, Car,484.16,40.346686,37.980732,23.735003,33.8286,0.054,-0.0237,216.8,41.0
257,258, Motorcycle,349.53,17.476722,37.978303,23.735355,29.0748,0.0344,-0.0097,217.8,1.0
258,259, Taxi,478.91,21.443807,37.980723,23.734991,32.7423,0.1681,0.0158,218.6,41.0
259,260, Taxi,271.03,15.636078,37.978322,23.735359,28.6206,-0.0366,-0.0005,219.6,47.0
260,261, Car,29.02,9.85622,37.977628,23.737419,4.5879,-0.2978,0.0196,221.6,40.0
262,263, Car,377.17,19.2325,37.97834,23.735359,25.0082,0.0921,-0.0046,224.6,47.0
303,304, Motorcycle,511.83,45.835352,37.980747,23.735009,62.9961,-1.0116,0.3854,289.2,42.0
304,305, Car,241.88,12.805455,37.978314,23.735343,18.5395,-0.0077,0.0385,289.6,1.0
305,306, Car,21.44,5.758879,37.97836,23.737809,11.1833,0.0973,0.0641,290.4,43.0
306,307, Car,470.86,38.177906,37.980722,23.735003,48.9519,0.0621,0.0766,290.4,41.0
307,308, Motorcycle,485.59,37.036568,37.98073,23.735025,47.3856,0.1067,-0.0207,291.4,42.0
308,309, Motorcycle,236.07,13.619444,37.978305,23.735339,20.0877,-0.0139,0.0134,291.6,1.0
309,310, Bus,503.54,35.966985,37.980713,23.734972,24.1069,-0.0388,-0.1944,292.4,41.0
310,311, Motorcycle,487.18,39.148371,37.980735,23.73503,44.7894,0.0587,-0.1359,293.0,42.0
311,312, Taxi,231.57,13.190756,37.978315,23.73532,26.3247,-0.0116,-0.0402,293.6,1.0
312,313, Taxi,466.49,38.517298,37.980698,23.734933,22.9216,-0.0034,-0.0828,293.6,41.0
313,314, Taxi,505.9,40.834678,37.980737,23.735,42.8623,0.0793,-0.0826,294.6,41.0
314,315, Car,269.65,32.574899,37.980698,23.734943,27.2824,0.0317,0.029,295.2,41.0
315,316, Car,248.06,13.696316,37.978316,23.735333,23.2496,-0.0169,-0.1111,296.0,1.0
316,317, Taxi,66.63,27.891137,37.980747,23.735021,41.6398,0.0528,0.0044,296.8,42.0
317,318, Car,16.15,0.125702,37.980632,23.734826,17.2679,0.0443,0.209,297.0,37.0
318,319, Motorcycle,495.95,42.919128,37.980727,23.734999,55.4046,-0.048,-0.1346,299.2,41.0
319,320, Car,211.76,14.548375,37.980067,23.736959,13.6543,-0.377,0.0237,299.6,23.0
320,321, Medium Vehicle,391.69,16.245386,37.978304,23.735328,33.4286,-0.0234,-0.0251,300.2,1.0
321,322, Motorcycle,194.83,26.568345,37.978388,23.737877,25.0843,0.2896,-0.0717,300.4,43.0
322,323, Taxi,121.88,4.864467,37.980703,23.734931,41.9461,0.0475,0.0626,301.4,41.0
323,324, Motorcycle,350.42,17.04755,37.978297,23.735335,39.4191,0.0047,-0.0739,301.8,1.0
324,325, Car,499.4,45.171484,37.980752,23.735022,51.5294,0.0308,-0.0395,301.8,42.0
325,326, Car,383.99,17.193477,37.978314,23.735322,33.6278,0.0352,0.0086,302.0,1.0
326,327, Taxi,102.86,4.885133,37.977625,23.737409,8.3488,-1.1615,3.3181,302.0,40.0
327,328, Car,292.62,11.425672,37.97831,23.735324,29.3344,0.0069,0.049,303.4,1.0
328,329, Car,224.88,15.811786,37.98006,23.736949,15.0904,-0.0814,0.1089,303.8,23.0
329,330, Car,508.3,45.294491,37.980722,23.735004,57.4929,-0.1015,0.018,304.8,41.0
330,331, Car,391.0,17.041367,37.978323,23.735326,29.1487,0.0403,0.0005,304.8,1.0
331,332, Car,387.72,14.38944,37.978315,23.735329,27.7614,-0.0254,0.0632,306.4,1.0
332,333, Car,344.76,16.682003,37.978302,23.735329,24.052,-0.042,0.0395,307.4,1.0
283,284, Motorcycle,223.12,16.664857,37.980059,23.73694,19.6087,-0.2894,-0.0979,254.0,23.0
284,285, Taxi,494.17,34.882818,37.980705,23.734943,35.4027,0.0674,-0.0959,254.0,41.0
285,286, Motorcycle,170.92,32.384188,37.980686,23.734924,42.4754,0.0176,-0.0201,254.6,37.0
286,287, Taxi,465.58,38.267182,37.980713,23.734978,42.7334,0.0464,0.0169,254.8,41.0
287,288, Car,231.46,12.819073,37.978324,23.735334,22.5063,-0.0264,0.0673,254.8,1.0
288,289, Motorcycle,509.43,49.035833,37.980744,23.735007,52.8654,0.0307,0.0343,255.6,41.0
289,290, Car,119.23,24.114262,37.980686,23.734931,39.1811,0.0823,-0.1414,256.4,41.0
290,291, Car,507.54,35.547717,37.980722,23.734999,39.3928,0.0894,0.0229,257.6,41.0
291,292, Car,223.67,15.665359,37.980057,23.73694,18.69,-0.3535,0.0053,257.8,23.0
292,293, Car,188.45,11.656832,37.978315,23.735332,20.1798,0.0334,0.0242,258.6,1.0
293,294, Taxi,473.01,37.840837,37.98072,23.734971,48.1205,0.0421,-0.1297,260.4,41.0
294,295, Motorcycle,469.91,44.752955,37.980696,23.734966,60.5852,0.113,-0.0133,262.0,41.0
295,296, Taxi,500.61,24.486157,37.980722,23.734969,51.7109,0.0384,-0.1279,262.4,41.0
296,297, Car,508.93,43.007946,37.980739,23.735003,60.726,0.0496,-0.0248,262.8,41.0
297,298, Motorcycle,58.64,4.95568,37.979172,23.73704,3.3826,0.0898,0.0001,264.2,30.0
298,299, Car,243.47,15.008229,37.980058,23.736999,18.4106,-0.0824,-0.604,264.6,23.0
299,300, Motorcycle,509.76,25.277436,37.980727,23.734995,52.2847,0.0687,-0.1296,265.6,41.0
300,301, Car,98.49,0.721862,37.980638,23.734838,49.107,0.0218,-0.1754,273.8,37.0
301,302, Car,29.89,3.449225,37.977633,23.73741,6.8143,0.6041,0.0,274.8,40.0
302,303, Car,188.96,10.497976,37.980065,23.736956,9.4099,-0.0467,-0.1093,289.2,23.0
333,334, Car,31.21,12.767046,37.977634,23.737407,3.5638,0.2441,0.2622,307.4,40.0
334,335, Motorcycle,182.55,14.224917,37.980048,23.736911,18.3092,-0.0975,0.0823,307.8,23.0
335,336, Motorcycle,504.16,46.777521,37.980724,23.734997,53.2289,0.003,0.0446,308.4,41.0
336,337, Taxi,380.7,17.706965,37.978312,23.735325,24.1159,0.0054,0.0508,308.6,1.0
337,338, Car,380.71,17.348859,37.978298,23.735332,23.6225,-0.0028,0.0738,309.8,1.0
338,339, Car,226.15,16.683178,37.980065,23.736952,13.3498,1.465,-0.1857,310.4,23.0
339,340, Motorcycle,506.26,24.365293,37.980727,23.735032,50.3062,-0.2335,-0.2447,310.6,42.0
340,341, Car,29.91,13.130186,37.97763,23.737417,5.9284,1.2982,0.6312,310.6,40.0
341,342, Car,384.91,19.086368,37.978314,23.735319,22.106,-0.0068,-0.1048,310.8,1.0
357,358, Car,414.8,24.480196,37.980723,23.734969,28.3317,0.0255,-0.1004,338.6,
358,359, Taxi,413.24,16.566468,37.980065,23.736957,13.2404,-0.0912,-0.0251,338.8,
359,360, Taxi,67.3,24.226284,37.980755,23.735025,27.8273,-0.1172,0.0008,339.6,
360,361, Motorcycle,111.83,12.200038,37.980643,23.734833,25.0641,-0.0268,0.0737,341.0,
361,362, Bus,273.99,20.809001,37.980697,23.734925,20.1419,0.0862,-0.0367,341.8,
362,363, Car,469.69,38.960173,37.980713,23.734979,32.85,0.0113,0.0056,342.0,
363,364, Car,508.62,33.782839,37.980731,23.735003,30.5013,-0.0799,0.066,342.2,
364,365, Car,469.81,39.516877,37.980726,23.734968,38.3925,0.0588,0.028,344.4,
365,366, Car,273.25,14.423776,37.980711,23.734941,11.8929,-0.1563,-0.0172,344.8,
366,367, Taxi,508.2,34.519303,37.980737,23.735002,36.0891,0.151,-0.0404,344.8,
367,368, Car,425.15,26.118361,37.980757,23.735019,39.9037,0.1033,0.0269,346.0,
368,369, Car,508.06,34.905154,37.980735,23.734995,35.9252,0.0216,0.0008,347.0,
369,370, Taxi,273.31,13.62746,37.980703,23.734942,13.9237,-0.161,0.0203,347.0,
370,371, Car,514.78,37.362801,37.980741,23.734994,35.6738,-0.0576,-0.0153,348.2,
371,372, Motorcycle,204.5,6.238973,37.980063,23.736941,12.3362,-0.3222,0.0257,348.6,
372,373, Taxi,473.04,42.573967,37.980719,23.734956,36.409,-0.2691,0.1084,348.8,
373,374, Medium Vehicle,514.71,22.217634,37.980735,23.735028,39.6621,0.0859,0.0517,350.0,
374,375, Motorcycle,468.32,41.939326,37.980719,23.73496,36.6451,0.0433,0.0433,350.2,
375,376, Motorcycle,473.25,41.553969,37.980724,23.735,45.5722,0.3771,0.0153,351.2,
376,377, Taxi,419.56,17.281702,37.980718,23.734971,47.6581,0.3746,-0.0054,351.8,
377,378, Car,509.54,23.33765,37.980732,23.734998,42.0905,0.1553,-0.037,352.6,
378,379, Motorcycle,339.35,31.164817,37.980706,23.734981,57.3529,0.476,-0.0919,352.8,
379,380, Medium Vehicle,202.36,14.397157,37.978372,23.737841,20.0227,0.0195,0.0014,352.8,
380,381, Car,382.57,18.265801,37.978307,23.735333,34.2356,-0.2056,-0.0211,353.8,
381,382, Medium Vehicle,495.92,43.123624,37.980723,23.734965,46.7985,0.0897,0.0504,354.4,
382,383, Car,227.55,16.717894,37.980068,23.73696,13.8051,-0.3013,-0.1175,354.6,
383,384, Car,507.47,23.30204,37.980734,23.735,57.9452,-0.0105,-0.0479,355.4,
384,385, Motorcycle,509.58,20.337981,37.98075,23.735019,35.7828,0.3595,0.0471,355.8,
385,386, Motorcycle,346.74,23.913142,37.980644,23.734839,44.5035,0.2714,0.0912,358.0,
386,387, Motorcycle,165.23,11.708986,37.978368,23.737824,19.9941,0.5076,0.0102,359.4,
387,388, Taxi,204.35,11.494523,37.978364,23.737822,20.7413,0.1416,-0.0292,361.8,
388,389, Motorcycle,508.07,20.188211,37.980692,23.734928,20.523,0.0708,-0.0578,364.6,
389,390, Taxi,231.25,9.374945,37.978299,23.735332,25.0919,-0.0389,0.01,368.2,
390,391, Car,175.87,7.413915,37.979966,23.735731,0.4149,0.0265,0.0,372.6,
391,392, Taxi,341.38,13.358207,37.978307,23.735335,27.5336,-0.0293,0.0228,374.2,
392,393, Motorcycle,471.73,43.995432,37.98072,23.734962,58.0813,0.5745,-0.0725,376.4,
393,394, Car,500.3,34.635822,37.98073,23.734997,46.643,0.1064,-0.0431,380.4,
394,395, Motorcycle,463.17,37.896135,37.980699,23.73496,41.0069,0.0696,-0.0572,380.6,
395,396, Car,506.49,34.402815,37.980719,23.734973,46.4038,0.1678,-0.0321,381.0,
396,397, Taxi,228.17,13.46551,37.978317,23.735346,30.3541,-0.0686,0.1259,381.4,
397,398, Car,465.67,34.212143,37.980726,23.735007,48.6291,0.1753,0.1291,381.4,
398,399, Car,507.88,33.609636,37.980752,23.735018,30.7539,-0.0153,-0.1069,382.0,
399,400, Medium Vehicle,282.53,9.595464,37.980062,23.736938,11.2098,-0.0686,-0.0056,383.4,
400,401, Motorcycle,510.09,36.006205,37.980724,23.735002,45.0348,0.1536,0.0021,383.8,
401,402, Taxi,481.54,34.67106,37.980714,23.734973,32.1918,0.0507,0.0692,384.0,
402,403, Car,66.43,20.978754,37.980747,23.735029,27.5008,-0.024,0.0588,384.0,
403,404, Car,196.43,1.857998,37.978312,23.735343,28.2086,-0.0541,0.1244,384.4,
404,405, Motorcycle,508.17,47.890831,37.980723,23.734995,44.4097,0.1538,-0.1275,384.8,
405,406, Car,485.86,34.430846,37.980727,23.734997,35.0339,0.0535,-0.0116,387.4,
406,407, Motorcycle,29.48,12.061451,37.97763,23.737416,4.1114,-0.3459,0.2907,387.4,
407,408, Motorcycle,503.74,37.623777,37.980718,23.73497,45.1954,0.0495,-0.1522,389.0,
408,409, Car,375.08,17.311292,37.978317,23.735324,31.3914,0.0093,0.0701,389.2,
409,410, Motorcycle,511.27,39.49708,37.980746,23.735007,44.9004,-0.0137,0.083,389.6,
343,344, Heavy Vehicle,123.58,6.06127,37.980706,23.734954,31.9593,0.0239,0.0738,312.0,41.0
344,345, Car,392.98,11.989071,37.978304,23.735328,22.4888,0.0144,0.0318,312.8,1.0
345,346, Car,29.44,11.039502,37.977629,23.737412,8.5082,0.0442,0.0318,313.0,40.0
346,347, Car,261.65,17.31488,37.978316,23.735317,21.302,-0.0015,-0.1363,314.2,1.0
347,348, Taxi,344.23,11.084355,37.978297,23.735339,24.4895,0.028,-0.0717,314.8,1.0
348,349, Car,29.43,12.317961,37.977629,23.737414,3.1687,-0.0288,0.0707,316.6,40.0
349,350, Taxi,381.66,12.51342,37.978305,23.735329,22.9687,0.0507,-0.0185,318.0,1.0
351,352, Car,30.13,14.27256,37.977631,23.737412,9.1671,0.272,0.9791,320.6,40.0
352,353, Motorcycle,384.13,24.260927,37.978302,23.735331,28.1645,0.141,0.0052,322.6,1.0
353,354, Motorcycle,368.4,23.267056,37.978317,23.735328,29.0084,0.0283,0.0857,323.2,1.0
354,355, Taxi,466.54,36.353574,37.980709,23.734951,31.8198,-0.0424,-0.211,337.2,41.0
355,356, Motorcycle,69.09,25.907772,37.980756,23.735031,37.3685,-0.0269,0.0451,338.0,42.0
356,357, Bus,509.47,33.226617,37.980741,23.734996,26.1356,0.0264,0.2044,338.2,41.0
410,411, Car,14.04,0.136583,37.98066,23.734857,9.5694,0.4748,0.0009,389.8,
411,412, Car,510.71,36.771011,37.980719,23.734996,39.0656,0.0307,-0.0965,390.6,
412,413, Car,304.22,13.655564,37.978308,23.735341,26.43,-0.0275,0.012,391.0,
413,414, Taxi,511.78,32.900028,37.980734,23.734994,38.8281,0.0498,-0.0953,392.2,
414,415, Car,469.98,41.266901,37.980716,23.734951,56.5081,0.0481,0.0239,392.8,
415,416, Car,410.15,27.547674,37.980754,23.735014,33.5571,0.005,-0.0673,392.8,
416,417, Car,301.68,2.96892,37.978315,23.735348,31.1726,-0.0131,0.0028,393.8,
417,418, Car,505.8,39.931434,37.980729,23.734995,35.2821,0.0316,-0.0576,394.0,
418,419, Medium Vehicle,178.71,28.46778,37.978353,23.7378,22.0819,-0.0213,0.2709,394.6,
419,420, Car,377.1,18.100982,37.978309,23.735332,31.4844,-0.0199,0.0703,394.8,
420,421, Car,508.31,22.931235,37.98074,23.734987,40.2686,0.1037,-0.0507,395.2,
421,422, Motorcycle,383.48,19.665577,37.978307,23.735343,32.3686,0.0119,-0.1097,395.6,
422,423, Car,232.24,14.876648,37.978322,23.735326,32.5159,0.0843,0.0164,396.8,
423,424, Taxi,342.15,12.965779,37.980751,23.735006,38.9034,0.0478,-0.1414,396.8,
424,425, Taxi,387.32,17.004448,37.978309,23.735344,28.7832,-0.0026,0.0257,398.0,
425,426, Car,211.12,17.675122,37.980061,23.736954,15.406,-0.0034,-0.2721,398.4,
426,427, Taxi,471.86,22.469553,37.980709,23.73498,48.4046,0.0515,-0.0285,398.6,
427,428, Car,385.55,12.196622,37.978297,23.735341,30.9318,0.055,0.0039,399.0,
428,429, Car,232.42,15.103207,37.978323,23.735332,31.1669,0.0459,-0.0038,399.2,
429,430, Car,514.02,21.821443,37.980726,23.734998,50.2908,0.1404,-0.1674,399.2,
430,431, Motorcycle,383.34,18.3027,37.978316,23.735329,27.0433,-0.0111,-0.0204,401.6,
431,432, Motorcycle,308.1,17.064168,37.9783,23.735339,31.908,0.2371,-0.0233,402.6,
432,433, Car,379.08,12.294514,37.978297,23.73534,26.3307,-0.0063,0.038,403.8,
433,434, Car,384.29,12.857432,37.97831,23.735333,23.7291,0.2124,0.0603,405.8,
434,435, Motorcycle,465.67,12.777647,37.980686,23.734894,13.177,-0.0152,-0.1153,407.2,
435,436, Car,390.82,12.539554,37.978292,23.73533,26.6086,-0.0865,0.1056,408.0,
436,437, Motorcycle,107.41,6.644064,37.980639,23.734828,28.4678,0.0806,-0.1987,409.2,
437,438, Taxi,383.2,12.72605,37.978309,23.735328,25.3342,-0.2137,0.0417,409.8,
438,439, Taxi,386.29,9.018405,37.978296,23.735333,25.3204,0.0127,-0.0041,412.0,
439,440, Motorcycle,131.52,17.030912,37.979879,23.734855,12.1603,-0.01,0.5855,417.6,
440,441, Motorcycle,72.14,7.253995,37.979882,23.734827,17.9372,-0.0961,0.0767,418.4,
441,442, Car,231.33,11.074309,37.978312,23.735323,29.3686,0.0438,-0.0139,421.0,
442,443, Taxi,225.26,13.294109,37.98006,23.736945,12.301,-0.0571,-0.3082,424.0,
443,444, Motorcycle,168.97,10.634697,37.980738,23.734995,29.2464,0.0184,0.0844,424.2,
444,445, Taxi,118.46,22.444683,37.980693,23.734923,34.5267,0.0619,-0.0936,425.2,
445,446, Motorcycle,401.84,40.184258,37.980704,23.734956,54.835,0.1502,0.0394,426.4,
446,447, Car,343.67,18.248152,37.980739,23.734993,24.6614,-0.0632,0.0024,426.6,
447,448, Medium Vehicle,515.36,26.278819,37.980757,23.73502,22.4663,-0.0228,0.08,426.8,
448,449, Car,230.31,13.41591,37.980068,23.736975,8.2917,-0.1309,-0.3853,427.8,
449,450, Car,273.01,29.964298,37.980694,23.734927,25.8513,-0.027,-0.0355,428.4,
450,451, Medium Vehicle,515.7,32.23131,37.980738,23.734998,24.4339,-0.0255,0.0831,428.6,
451,452, Bus,509.86,32.089262,37.980721,23.734967,18.691,-0.012,0.0238,429.0,
452,453, Motorcycle,470.37,41.914129,37.980751,23.735012,32.4607,0.0313,-0.1422,429.8,
453,454, Motorcycle,508.5,43.379523,37.980735,23.734989,37.8957,0.0233,-0.0645,430.4,
454,455, Taxi,469.21,35.044625,37.980695,23.734918,30.5782,-0.0064,-0.0537,431.6,
455,456, Car,178.96,11.302738,37.980691,23.734924,30.3131,-0.0545,-0.0804,434.0,
456,457, Car,343.96,7.23279,37.978287,23.735333,15.79,-0.1138,0.0244,434.0,
457,458, Car,430.54,18.495742,37.980752,23.735012,38.2231,0.0492,-0.02,434.0,
458,459, Car,469.24,35.941549,37.98072,23.734963,22.6958,0.0,-0.0022,434.4,
459,460, Motorcycle,129.66,1.415369,37.980707,23.734932,28.352,-0.017,0.0497,435.2,
460,461, Car,508.45,35.200048,37.980744,23.734992,39.8534,0.0311,0.0845,435.8,
461,462, Medium Vehicle,274.69,24.845962,37.980722,23.734961,25.119,-0.0524,0.0029,436.6,
462,463, Medium Vehicle,508.81,35.225243,37.980754,23.735011,43.4263,0.0434,0.0751,437.2,
463,464, Car,469.87,22.140506,37.98071,23.734931,33.4208,0.0213,-0.0318,437.2,
464,465, Medium Vehicle,504.39,22.089972,37.980732,23.734996,40.5832,0.0549,0.016,438.0,
465,466, Motorcycle,507.72,53.444599,37.980708,23.734956,61.2393,0.1346,-0.0187,439.0,
466,467, Taxi,241.25,14.426935,37.978305,23.735322,30.4923,-0.0169,0.1372,439.2,
467,468, Car,508.68,21.800702,37.980742,23.734987,36.0003,0.0,-0.0211,439.6,
468,469, Motorcycle,273.69,27.067838,37.980709,23.734939,58.3967,0.0925,-0.0871,441.6,
469,470, Car,507.86,21.869602,37.980741,23.734987,35.4671,0.0144,-0.0022,441.8,
470,471, Motorcycle,74.29,12.981997,37.978374,23.737835,18.6099,0.0124,0.0144,443.0,
471,472, Medium Vehicle,513.54,21.749873,37.980748,23.735018,43.7893,0.045,0.0941,443.4,
472,473, Car,508.82,22.016307,37.980744,23.734986,37.0267,0.0343,-0.0042,443.6,
473,474, Car,508.86,22.898863,37.980727,23.734962,47.1716,-0.0015,-0.0703,444.2,
474,475, Motorcycle,44.19,1.181833,37.977543,23.737318,18.3407,0.0432,0.1423,445.2,
475,476, Motorcycle,82.3,17.849144,37.980061,23.736993,13.8472,-0.2992,-0.0643,447.8,
476,477, Motorcycle,14.24,5.959514,37.977804,23.737486,6.7182,0.0156,-0.0832,449.0,
477,478, Motorcycle,15.56,18.669879,37.980178,23.735328,13.3154,-0.0893,0.0338,451.2,
478,479, Car,239.44,21.549549,37.978315,23.73532,26.5408,-0.0382,0.0387,462.4,
479,480, Medium Vehicle,310.04,6.235458,37.980067,23.737008,9.6609,0.0275,-0.1525,466.2,
480,481, Taxi,232.14,7.556208,37.978308,23.735315,26.5286,0.0305,0.0526,467.2,
481,482, Motorcycle,35.65,7.921401,37.977592,23.737352,5.6644,0.2313,1.6117,469.6,
482,483, Medium Vehicle,507.26,31.703679,37.980746,23.734991,29.5617,-0.0055,-0.0467,470.4,
483,484, Motorcycle,467.95,31.785011,37.980722,23.734964,39.9294,0.0446,0.0252,471.6,
484,485, Taxi,470.54,37.148125,37.980706,23.734929,40.6162,0.0487,-0.0014,472.0,
485,486, Motorcycle,506.17,41.986721,37.980734,23.734976,50.2168,0.1258,-0.1854,472.2,
486,487, Taxi,475.23,39.239227,37.980709,23.734962,38.4475,0.0417,0.0083,473.0,
487,488, Motorcycle,167.04,2.072135,37.979822,23.736462,18.1753,-1.2212,2.8069,474.8,
488,489, Car,506.26,38.943031,37.980708,23.734944,38.132,0.061,0.0238,474.8,
489,490, Car,508.96,32.258213,37.980741,23.734988,37.2987,0.1438,0.0262,475.2,
490,491, Taxi,474.87,34.888267,37.980718,23.734969,39.8946,0.0412,-0.0232,477.2,
491,492, Car,470.23,32.806416,37.980751,23.735004,37.1995,0.0597,0.0185,477.2,
492,493, Medium Vehicle,242.83,13.875941,37.978302,23.735311,33.9622,0.0002,0.1942,478.2,
493,494, Taxi,71.13,9.626624,37.977613,23.737374,9.8629,0.0137,0.4006,478.2,
494,495, Car,515.98,21.108137,37.980701,23.734945,55.7986,0.1093,-0.0643,480.0,
495,496, Car,380.22,16.491496,37.978318,23.735332,32.9531,-0.0362,0.2433,480.2,
496,497, Car,506.43,34.529157,37.980744,23.73499,36.4202,-0.0037,0.0421,481.2,
497,498, Motorcycle,467.72,42.094779,37.980705,23.734967,49.914,0.0088,-0.0379,481.4,
498,499, Car,472.04,37.932039,37.980722,23.734969,43.1091,0.0627,0.0392,482.8,
499,500, Car,115.05,23.010184,37.977622,23.737383,5.3211,-0.0379,0.1944,482.8,
500,501, Taxi,457.23,16.329571,37.980747,23.735009,32.3795,-0.0107,0.1013,483.0,
501,502, Car,232.72,13.469261,37.978314,23.735321,24.5218,-0.0266,0.0262,483.2,
502,503, Bus,177.94,16.094688,37.980702,23.734943,47.2129,0.101,-0.0613,483.2,
503,504, Car,139.18,21.785306,37.978387,23.73786,23.8776,0.062,0.0344,483.8,
504,505, Taxi,385.7,17.847479,37.9783,23.735316,22.3746,-0.0242,0.079,484.2,
505,506, Car,507.98,20.229274,37.980735,23.734995,38.0689,0.0307,0.0419,484.6,
506,507, Motorcycle,498.85,53.768174,37.980706,23.734986,60.828,0.0519,-0.1346,485.0,
507,508, Motorcycle,384.42,18.354437,37.978309,23.735312,21.4153,0.0236,0.0628,485.6,
508,509, Medium Vehicle,506.29,40.503095,37.98073,23.735002,37.7826,0.0133,-0.0418,486.0,
509,510, Motorcycle,385.58,17.570797,37.978302,23.735329,20.4874,-0.0125,-0.0349,486.2,
510,511, Car,215.97,33.803972,37.978378,23.737845,23.5279,0.0243,0.1167,486.4,
511,512, Car,67.98,29.133967,37.980757,23.735013,41.7329,0.0026,-0.0336,486.6,
512,513, Car,376.79,17.479948,37.978306,23.735316,18.2689,-0.0159,0.094,487.4,
513,514, Motorcycle,343.66,17.674032,37.978323,23.735315,22.8091,0.0065,0.0477,488.8,
514,515, Motorcycle,385.86,18.771665,37.978318,23.735305,21.1031,-0.0113,0.0201,488.8,
515,516, Taxi,382.47,17.51762,37.978298,23.735322,15.3353,-0.0074,0.0294,489.0,
516,517, Motorcycle,370.1,19.535911,37.978315,23.735311,19.3749,-0.0158,-0.0612,489.4,
517,518, Car,303.28,11.66453,37.978314,23.735317,14.697,-0.0146,-0.0868,491.8,
518,519, Taxi,380.63,11.894732,37.978301,23.735322,13.5867,-0.0203,-0.0434,493.2,
519,520, Taxi,375.28,18.660207,37.97831,23.735311,12.1457,-0.0606,-0.0464,495.0,
520,521, Taxi,382.55,11.97548,37.978303,23.735324,14.3489,-0.0101,-0.0302,497.2,
521,522, Taxi,391.85,11.87439,37.978301,23.735322,14.1266,-0.0129,0.0574,499.6,
522,523, Taxi,247.15,10.719887,37.978302,23.735317,13.697,-0.0085,0.0447,501.8,
523,524, Car,388.81,13.08151,37.978308,23.735317,14.0798,0.0028,0.0097,504.0,
524,525, Car,187.88,10.804779,37.97831,23.73532,27.4985,0.0171,-0.0251,509.2,
525,526, Motorcycle,510.55,44.395548,37.980743,23.735025,54.9237,0.083,0.0444,514.8,
526,527, Motorcycle,72.38,6.681514,37.977607,23.737401,3.6981,-0.1662,0.7064,515.0,
527,528, Taxi,471.0,36.542859,37.980715,23.734961,38.8867,-0.0076,-0.0347,515.2,
528,529, Car,345.64,11.270759,37.980715,23.734922,31.3186,-0.0729,0.0075,516.8,
529,530, Car,508.27,34.137273,37.980757,23.735022,49.5911,0.1115,0.0761,517.4,
530,531, Taxi,508.22,31.009965,37.980741,23.734985,28.136,-0.0531,0.0696,517.4,
531,532, Car,230.82,15.619594,37.980059,23.736999,9.4895,-0.0285,-0.1807,517.8,
532,533, Motorcycle,272.79,37.482906,37.980721,23.734952,54.2629,0.0687,-0.2295,518.4,
533,534, Motorcycle,510.25,35.461623,37.980761,23.735008,42.62,0.0577,0.0191,519.2,
534,535, Taxi,272.33,29.529594,37.980706,23.734939,33.8869,0.0053,-0.071,519.2,
535,536, Bus,511.67,30.000218,37.98075,23.734987,26.423,-0.0062,-0.0131,519.2,
536,537, Car,507.83,38.407408,37.980747,23.735028,46.4662,0.0145,0.0661,521.6,
537,538, Taxi,469.82,37.92229,37.980715,23.734935,33.4769,0.0013,0.024,522.0,
538,539, Car,507.88,33.858795,37.980738,23.734991,25.6858,-0.015,0.0016,523.0,
539,540, Motorcycle,497.53,46.162832,37.980733,23.734964,49.8502,-0.0455,-0.0769,523.6,
540,541, Car,432.24,35.526699,37.980758,23.735009,35.9507,0.005,0.0868,523.8,
541,542, Motorcycle,367.38,5.497006,37.980739,23.734994,33.2009,0.0172,-0.0351,524.4,
542,543, Taxi,469.96,37.596733,37.980722,23.73495,32.1256,0.0025,0.0004,524.4,
543,544, Car,507.56,22.954801,37.980743,23.734985,36.7842,0.0286,0.0417,526.6,
544,545, Motorcycle,510.35,23.434292,37.980759,23.735013,36.002,-0.0129,-0.0299,526.6,
545,546, Car,67.99,8.15889,37.977627,23.737397,6.0454,-0.1126,0.0837,527.0,
546,547, Taxi,510.38,21.119376,37.980745,23.734985,34.7155,-0.0086,0.0218,528.2,
547,548, Car,274.69,32.962819,37.980724,23.734953,43.5868,0.0199,-0.0023,528.6,
548,549, Motorcycle,403.04,34.059639,37.980708,23.734922,52.3043,-0.007,-0.0391,528.6,
549,550, Motorcycle,229.58,18.124824,37.980065,23.736971,7.8154,-0.0876,-0.4813,529.0,
550,551, Taxi,355.68,13.200329,37.980761,23.735012,48.2234,0.0365,0.013,529.0,
551,552, Car,213.33,26.852881,37.978363,23.73782,23.2262,-2.0765,0.0766,529.0,
552,553, Medium Vehicle,232.72,17.901668,37.98006,23.737002,7.2706,-0.4148,-0.2928,529.8,
553,554, Car,221.49,12.737603,37.978376,23.737851,27.2164,-0.0588,0.0005,531.6,
554,555, Taxi,234.04,18.08032,37.980057,23.737016,8.3094,-0.4056,-0.3426,532.2,
555,556, Motorcycle,271.33,35.9118,37.980709,23.734965,62.0494,0.0229,-0.1388,534.0,
556,557, Motorcycle,24.95,5.410488,37.977349,23.737629,3.8581,-0.0206,-0.0282,537.0,
557,558, Car,231.68,14.232796,37.980055,23.737023,9.8401,-0.3329,-0.3867,555.4,
558,559, Motorcycle,405.32,16.034804,37.980256,23.735476,18.4976,0.369,-0.037,555.6,
559,560, Motorcycle,110.55,11.371273,37.978398,23.737655,16.7042,-0.1412,0.0303,555.6,
560,561, Car,109.7,16.454985,37.977624,23.737409,5.6142,0.0574,0.014,556.8,
561,562, Medium Vehicle,66.44,25.997432,37.980744,23.735024,44.7435,0.0744,0.0525,561.4,
562,563, Car,471.56,38.407327,37.980744,23.734989,45.819,0.0332,0.0283,562.4,
563,564, Car,234.73,11.935389,37.978311,23.735309,24.1169,-0.0361,-0.0742,562.6,
564,565, Bus,510.04,31.226739,37.980714,23.734936,26.9659,-0.0016,0.0398,563.2,
565,566, Car,471.19,36.875845,37.980734,23.734967,35.451,0.03,0.0264,563.6,
566,567, Medium Vehicle,517.59,33.392969,37.980744,23.735022,40.1523,0.0279,0.0544,564.4,
567,568, Car,470.83,37.170778,37.980724,23.734973,36.2929,0.0244,0.0257,565.6,
568,569, Motorcycle,347.72,42.869973,37.978307,23.735312,44.1688,-0.0496,-0.0612,567.2,
569,570, Motorcycle,469.75,37.413391,37.980711,23.734927,28.1741,0.0218,0.0005,567.6,
570,571, Motorcycle,337.89,34.754157,37.978308,23.735317,38.402,-0.0462,-0.0639,568.4,
571,572, Car,353.07,20.837135,37.980759,23.735016,61.3669,0.087,-0.0202,569.0,
572,573, Motorcycle,355.27,16.962426,37.978305,23.735305,40.2301,-0.0656,0.1343,569.0,
573,574, Car,234.37,12.630858,37.97829,23.735321,29.7519,-0.0286,-0.0108,569.0,
574,575, Car,482.71,41.573507,37.980744,23.734987,36.0455,-0.0214,-0.0043,569.2,
575,576, Car,30.06,12.584008,37.977626,23.737405,6.0589,-0.0885,0.293,569.6,
576,577, Motorcycle,273.53,35.678272,37.980699,23.734929,45.5855,0.0819,0.0329,570.4,
577,578, Bus,508.17,20.647803,37.980723,23.734966,32.383,-0.0135,-0.0362,571.0,
578,579, Car,496.85,41.213234,37.980733,23.735001,44.1033,0.0671,0.0453,571.2,
579,580, Car,350.5,16.218721,37.978296,23.735305,30.6239,-0.0138,-0.0255,571.2,
580,581, Car,243.29,13.392174,37.978308,23.735307,28.8256,0.025,-0.0006,572.6,
581,582, Car,384.22,17.28989,37.978284,23.735314,31.9406,-0.0065,0.0852,572.8,
582,583, Medium Vehicle,87.66,15.02721,37.977627,23.737403,0.0118,0.0175,-0.0001,572.8,
583,584, Motorcycle,471.59,41.207305,37.980748,23.735017,38.2125,-0.0359,-0.0505,573.2,
584,585, Car,500.94,39.204215,37.980739,23.734988,44.1188,0.0246,0.0616,573.4,
585,586, Car,510.3,37.038118,37.980762,23.735019,43.6962,0.0278,-0.003,574.2,
586,587, Car,383.52,17.172357,37.978292,23.735327,31.8951,-0.0345,0.0166,574.4,
587,588, Taxi,118.98,26.770982,37.980694,23.734936,41.0705,0.0533,-0.0905,574.6,
588,589, Car,509.01,35.929933,37.980746,23.734985,38.9119,0.0005,0.0482,574.8,
589,590, Motorcycle,518.65,40.067052,37.980723,23.734962,54.3895,0.0391,-0.0173,575.2,
590,591, Motorcycle,508.03,24.849276,37.980745,23.735014,43.4474,-0.0212,0.1168,575.8,
591,592, Car,280.53,9.473693,37.978305,23.735297,32.0496,-0.0311,0.0748,575.8,
592,593, Motorcycle,341.33,18.123842,37.978289,23.735329,30.7056,-0.0214,-0.1082,576.0,
593,594, Car,508.5,21.536471,37.980751,23.734992,37.5313,-0.0265,-0.0826,576.2,
594,595, Car,210.86,17.097161,37.980052,23.736929,17.8637,0.0506,-0.0142,576.2,
595,596, Motorcycle,348.21,18.380729,37.978301,23.735304,33.1635,-0.015,-0.0702,576.8,
596,597, Taxi,507.43,21.241196,37.980732,23.734973,40.0655,0.0526,0.1055,577.4,
597,598, Motorcycle,179.93,3.46387,37.980054,23.736946,15.1674,-0.0683,-0.7973,578.0,
598,599, Car,509.73,20.434578,37.980741,23.734995,35.5727,0.0083,-0.0108,578.8,
599,600, Car,388.78,17.806724,37.978302,23.735298,31.3295,0.0203,-0.0254,579.0,
600,601, Taxi,507.8,23.741087,37.980713,23.734971,51.2299,0.0007,-0.0669,579.8,
601,602, Motorcycle,383.42,19.170753,37.978291,23.735313,28.3359,-0.0178,-0.0825,579.8,
602,603, Car,509.77,21.439031,37.980737,23.735004,42.2756,-0.0129,-0.189,580.0,
603,604, Car,393.22,16.537415,37.97829,23.735314,27.2418,-0.0087,0.0012,581.8,
604,605, Motorcycle,119.09,32.477753,37.978092,23.737291,23.3927,-0.0305,-1.0576,582.2,
605,606, Motorcycle,281.47,10.895574,37.978303,23.735298,24.2878,-0.0191,0.045,582.2,
606,607, Car,210.23,18.826179,37.980051,23.736937,19.4342,-0.04,-0.0558,582.4,
607,608, Car,402.05,23.047216,37.980168,23.735322,7.1347,-0.073,0.6102,582.8,
608,609, Car,394.18,17.827282,37.978295,23.735308,25.6293,0.0072,-0.04,584.6,
609,610, Car,350.25,11.674952,37.978293,23.735309,22.5443,-0.0328,-0.1183,586.8,
610,611, Taxi,221.67,23.471221,37.980052,23.736927,24.7321,0.0247,0.0292,589.4,
611,612, Taxi,280.92,9.856761,37.978301,23.735304,23.4923,-0.0156,0.0522,590.0,
612,613, Heavy Vehicle,385.61,11.23131,37.978286,23.735314,17.6472,-0.0014,0.0314,592.4,
613,614, Taxi,391.48,14.178201,37.978294,23.735312,17.5067,-0.0047,0.0436,594.8,
614,615, Taxi,278.88,8.33862,37.978296,23.735325,26.2875,0.0339,-0.0587,602.8,
615,616, Car,223.81,12.433695,37.980056,23.736943,18.8269,-0.0462,0.0659,605.4,
616,617, Car,270.14,24.683174,37.9807,23.734943,23.8669,-0.0385,-0.0033,606.8,
617,618, Car,67.05,19.786597,37.980751,23.735034,24.6275,-0.0056,-0.0143,607.6,
618,619, Car,269.28,32.099694,37.980712,23.734969,40.4185,0.1195,0.0175,608.0,
619,620, Car,270.85,23.666417,37.980699,23.734941,20.4094,-0.0138,0.1452,608.6,
620,621, Car,466.92,33.219526,37.980721,23.734998,38.8195,0.0876,-0.1774,608.8,
621,622, Car,67.21,19.831632,37.980747,23.735032,26.776,0.0063,-0.0361,609.6,
622,623, Car,469.41,36.419771,37.980713,23.734981,35.0266,0.0304,-0.06,610.4,
623,624, Car,519.76,13.738204,37.980702,23.734938,26.0211,0.1432,-0.0006,611.8,
624,625, Taxi,510.11,29.811765,37.980739,23.735,30.3554,0.0288,0.0026,612.4,
625,626, Motorcycle,184.44,12.296029,37.978311,23.735348,56.4657,0.1537,0.0259,612.6,
626,627, Car,468.47,34.8452,37.980717,23.73497,31.7257,-0.0066,-0.1324,612.6,
627,628, Motorcycle,82.93,1.982404,37.978905,23.737935,9.093,-0.0115,-0.3111,614.4,
628,629, Car,233.55,8.100058,37.978315,23.735327,21.5028,0.0085,-0.0127,614.6,
629,630, Car,467.88,35.385644,37.98072,23.734965,31.6883,-0.0789,-0.0063,615.0,
630,631, Taxi,506.17,21.693071,37.98072,23.735004,33.3633,0.0505,0.1193,615.0,
631,632, Car,270.6,19.483139,37.980696,23.734943,23.2774,-0.0089,0.0076,615.2,
632,633, Motorcycle,383.39,18.018426,37.978307,23.735343,30.0355,-0.0791,-0.2465,615.4,
633,634, Car,391.49,19.253615,37.980754,23.735022,32.1342,0.0115,-0.0399,615.4,
634,635, Car,225.59,14.450712,37.980059,23.736951,16.0687,-0.0202,-0.2183,616.2,
635,636, Car,509.12,36.22176,37.980709,23.734974,31.1763,-0.0242,0.0652,616.6,
636,637, Medium Vehicle,467.75,36.291076,37.98072,23.734973,29.9906,0.0167,-0.1518,617.8,
637,638, Motorcycle,228.76,14.005977,37.978304,23.735333,32.406,-0.0157,-0.0015,617.8,
638,639, Car,469.59,22.721886,37.980724,23.735,43.2866,0.0868,0.0952,618.0,
639,640, Car,506.19,21.43878,37.980744,23.735029,34.6141,0.0181,-0.088,620.2,
640,641, Bus,479.33,13.782697,37.980704,23.734956,33.9117,0.0262,0.0217,621.4,
641,642, Taxi,270.07,21.044519,37.980715,23.734999,48.4526,0.0435,0.0473,621.6,
642,643, Car,508.81,37.845542,37.980741,23.735028,31.6531,0.015,0.0203,621.8,
643,644, Motorcycle,242.09,15.452376,37.978316,23.735333,29.8415,-0.0665,-0.2028,622.8,
644,645, Motorcycle,510.32,39.765486,37.980724,23.734979,48.4691,0.0484,-0.0756,622.8,
645,646, Taxi,470.63,21.94646,37.980696,23.734934,25.1359,0.066,0.0283,624.8,
646,647, Car,469.64,22.542611,37.980715,23.734978,39.1296,0.0687,0.0403,624.8,
647,648, Taxi,116.79,19.646848,37.977624,23.73741,12.1515,-0.0235,0.5198,631.0,
648,649, Car,113.26,19.415316,37.97763,23.737406,8.2454,-0.592,0.2188,633.2,
649,650, Motorcycle,40.97,4.312626,37.978784,23.737699,2.8785,-0.0817,0.0461,633.6,
650,651, Car,19.43,0.577173,37.980055,23.736929,11.7324,0.1317,0.0602,643.8,
651,652, Car,227.06,15.422923,37.980066,23.736963,9.0276,0.134,-0.0031,648.4,
652,653, Car,230.83,11.541544,37.978318,23.735326,23.4679,0.0146,0.0209,648.8,
653,654, Motorcycle,462.56,30.837252,37.980716,23.734968,27.1896,0.0139,0.0471,651.0,
654,655, Motorcycle,506.24,36.743564,37.980703,23.734958,28.8245,0.0032,0.0241,651.8,
655,656, Motorcycle,250.34,30.040799,37.978304,23.735344,36.1236,0.0187,0.1138,651.8,
656,657, Motorcycle,461.11,42.563901,37.980694,23.734958,42.2227,0.0756,0.0382,654.8,
657,658, Taxi,470.94,33.113272,37.98071,23.734977,23.7114,-0.0058,-0.0072,656.0,
658,659, Taxi,480.84,37.961402,37.980736,23.73502,24.5627,-0.0837,0.0501,656.6,
659,660, Car,269.99,31.763966,37.980691,23.73495,35.3124,0.0282,0.1249,657.6,
660,661, Medium Vehicle,480.94,33.041631,37.980714,23.734971,19.778,-0.0182,0.1003,657.8,
661,662, Motorcycle,388.33,23.299507,37.980739,23.735026,29.5304,0.0026,-0.0736,658.2,
662,663, Taxi,509.16,30.448405,37.980731,23.734998,22.4034,-0.0026,0.0576,658.8,
663,664, Taxi,228.9,12.29903,37.978315,23.735339,37.27,-0.0337,-0.0337,659.2,
664,665, Car,507.99,33.617108,37.980726,23.735005,21.242,-0.0736,0.1416,660.4,
665,666, Car,241.18,8.787839,37.978322,23.735319,36.412,0.0375,0.1077,660.8,
666,667, Car,513.91,36.275709,37.980746,23.735033,36.1882,-0.0184,-0.0717,660.8,
667,668, Bus,511.24,21.350972,37.980722,23.734982,22.7252,-0.0152,0.0888,661.6,
668,669, Motorcycle,383.18,17.329628,37.978301,23.735335,30.1643,0.0225,0.0182,661.8,
669,670, Motorcycle,350.58,16.738791,37.97832,23.735344,36.9392,-0.0534,0.0311,661.8,
670,671, Motorcycle,268.89,31.84192,37.980695,23.734949,47.3278,0.0273,-0.0843,662.0,
671,672, Car,31.63,15.389585,37.980061,23.736961,14.096,-0.0525,-0.1816,662.6,
672,673, Car,508.42,19.430063,37.98074,23.73503,35.7886,0.0189,0.0679,662.6,
673,674, Car,230.49,13.969347,37.978308,23.735338,28.8329,-0.049,0.0706,663.4,
674,675, Taxi,193.29,6.876044,37.980691,23.734945,39.4277,-0.0144,-0.0213,663.8,
675,676, Taxi,269.68,32.361018,37.980701,23.734968,34.7251,-0.0404,-0.0991,664.6,
676,677, Motorcycle,235.27,13.317268,37.978302,23.735335,25.4084,-0.0667,-0.0573,664.6,
677,678, Car,509.43,21.177151,37.980751,23.735023,31.6651,-0.0098,0.0892,664.6,
678,679, Car,507.8,20.586321,37.980726,23.735003,21.0601,0.001,0.0851,664.8,
679,680, Car,241.98,8.962334,37.978307,23.735339,27.3854,-0.0245,-0.0263,665.8,
680,681, Medium Vehicle,414.43,18.2838,37.980069,23.736955,8.1128,-0.0004,0.0007,666.0,
681,682, Medium Vehicle,505.6,20.045729,37.980724,23.735005,20.984,-0.0318,-0.0167,666.4,
682,683, Motorcycle,268.42,18.095882,37.980704,23.734966,45.9723,0.0247,0.0027,667.2,
683,684, Car,509.4,21.224978,37.980729,23.734997,21.18,-0.0008,0.0125,667.4,
684,685, Car,77.0,2.851875,37.980687,23.734939,31.524,-0.0138,-0.172,667.8,
685,686, Motorcycle,460.83,43.203232,37.980708,23.734985,52.3276,-0.0121,-0.1804,667.8,
686,687, Motorcycle,511.27,22.500671,37.980748,23.735017,41.0805,0.0018,-0.0962,668.0,
687,688, Car,382.15,18.491196,37.978299,23.735325,28.0435,-0.0212,0.0341,668.4,
688,689, Medium Vehicle,111.46,25.079246,37.977623,23.737416,12.4565,-0.0364,0.3692,669.0,
689,690, Taxi,271.28,14.236025,37.980698,23.734955,35.9149,0.0414,0.0168,669.2,
690,691, Car,476.49,21.125146,37.980725,23.73499,27.5519,-0.0016,-0.1077,669.4,
691,692, Medium Vehicle,214.6,10.554059,37.978355,23.737804,20.9933,-0.0243,-0.0478,670.0,
692,693, Car,388.22,17.469867,37.978307,23.735342,27.7999,0.0203,0.0794,671.2,
693,694, Car,29.85,16.279413,37.977629,23.737411,11.9123,-0.0941,0.6017,672.2,
694,695, Taxi,500.15,21.083715,37.980722,23.735004,34.3381,0.0698,-0.0965,672.4,
695,696, Car,107.69,11.402284,37.978355,23.737808,11.0617,0.0584,0.0066,672.8,
696,697, Car,188.07,7.946778,37.978294,23.735335,26.27,0.0069,-0.0911,673.8,
697,698, Taxi,395.09,18.049816,37.9783,23.735332,25.8218,-0.0048,0.0158,675.8,
698,699, Medium Vehicle,216.55,9.064722,37.978303,23.735332,24.6139,0.0134,0.0512,678.0,
699,700, Car,408.98,21.338131,37.980737,23.734992,31.4187,0.0649,-0.1286,696.0,
700,701, Car,144.07,7.81086,37.980754,23.735024,23.2339,0.0119,-0.0943,698.6,
701,702, Motorcycle,293.76,16.269517,37.98074,23.735013,36.3519,0.0535,-0.19,700.0,
702,703, Bus,486.09,31.248568,37.980725,23.734966,20.0968,0.0209,0.0761,701.8,
703,704, Car,506.58,33.158164,37.980738,23.735002,24.6476,-0.0109,0.0258,703.0,
704,705, Motorcycle,508.43,40.139121,37.980736,23.734986,36.4366,-0.015,-0.0467,703.8,
705,706, Taxi,468.42,34.841316,37.980703,23.734931,37.1635,0.0534,-0.1126,705.2,
706,707, Medium Vehicle,222.6,16.02712,37.980052,23.736927,11.032,-0.0353,-0.1514,705.8,
707,708, Car,268.54,26.413464,37.980681,23.734964,33.9975,0.0662,-0.1237,707.8,
708,709, Car,252.89,15.916032,37.980717,23.734978,20.9787,0.0216,-0.1094,707.8,
709,710, Taxi,496.27,35.168582,37.980739,23.735004,34.3629,0.0407,-0.0884,707.8,
710,711, Car,483.01,35.34196,37.980734,23.735008,35.0785,0.0525,0.1496,709.0,
711,712, Car,225.18,16.278008,37.98004,23.736908,16.4178,-0.0773,0.0918,710.0,
712,713, Car,220.69,14.445176,37.980709,23.73497,21.943,0.0069,0.0674,710.0,
713,714, Car,228.73,15.595125,37.980722,23.734972,25.4696,0.0458,-0.1092,712.2,
714,715, Motorcycle,28.19,14.500219,37.977631,23.737411,9.1366,-0.2009,0.1157,712.6,
715,716, Bus,161.86,11.336216,37.980737,23.734998,31.6787,0.0059,-0.1089,713.6,
716,717, Car,205.72,14.521172,37.980717,23.73497,26.6814,0.0583,0.0155,714.0,
717,718, Car,241.35,17.447299,37.978315,23.735337,29.8334,-0.0202,0.0418,715.2,
718,719, Car,54.67,19.682418,37.977624,23.737414,10.9818,-0.0725,0.3477,715.2,
719,720, Car,144.1,10.586582,37.980736,23.734997,29.9061,0.0506,0.1488,716.0,
720,721, Car,227.18,17.327161,37.978316,23.735341,31.5913,0.0182,0.065,717.8,
721,722, Taxi,219.88,17.512467,37.978307,23.735329,31.1234,0.0113,0.0652,719.8,
722,723, Car,30.02,16.375841,37.977627,23.737413,11.4568,-0.0724,0.2409,722.0,
723,724, Car,199.76,19.228334,37.978319,23.735345,28.5786,-0.0163,-0.0268,727.6,
724,725, Motorcycle,95.07,11.641674,37.980039,23.7369,15.4482,-0.0281,0.0066,735.6,
725,726, Taxi,188.53,24.414134,37.978315,23.735338,23.6305,0.0021,-0.0084,737.2,
726,727, Motorcycle,131.01,20.868805,37.980711,23.734971,52.9358,1.6759,-1.1685,742.4,
727,728, Motorcycle,62.6,30.455784,37.980726,23.735034,43.744,0.0286,-0.168,742.4,
728,729, Medium Vehicle,112.93,24.789432,37.980724,23.734966,44.152,0.0816,0.164,743.4,
729,730, Bus,114.44,19.433102,37.980694,23.734943,25.4273,-0.0153,-0.1863,743.8,
730,731, Car,134.5,23.735798,37.980737,23.734999,34.7035,0.0754,-0.0566,744.6,
731,732, Motorcycle,104.23,22.07142,37.978306,23.735342,27.5713,-0.0016,-0.1197,748.0,
732,733, Motorcycle,112.27,24.644909,37.978317,23.735331,43.1981,0.0079,0.0325,748.6,
733,734, Bus,143.93,31.595435,37.980706,23.734946,25.595,-0.0081,0.1051,748.6,
734,735, Bus,104.71,23.26786,37.980737,23.734998,27.3184,0.0487,0.0195,748.8,
735,736, Medium Vehicle,127.22,28.623619,37.980754,23.735024,35.6168,0.0748,0.1501,749.0,
736,737, Motorcycle,103.62,23.609813,37.9783,23.735334,28.536,-0.0068,0.0175,749.2,
737,738, Car,60.45,24.729272,37.977627,23.737414,11.086,-0.0924,0.4698,749.8,
738,739, Motorcycle,184.24,44.815459,37.980701,23.73499,57.6232,0.0486,-0.0394,750.2,
739,740, Car,116.12,29.029391,37.980745,23.735027,35.3836,0.0308,-0.1243,750.6,
740,741, Motorcycle,118.51,31.369759,37.980731,23.735011,33.4212,-0.0807,-0.0768,751.4,
741,742, Medium Vehicle,70.88,19.935849,37.978306,23.735335,36.7162,-0.0018,0.0854,752.2,
742,743, Taxi,115.42,32.462654,37.980711,23.734983,34.1484,0.0278,0.0433,752.2,
743,744, Motorcycle,121.42,34.692628,37.980713,23.735007,41.1667,0.1308,-0.0422,752.4,
744,745, Motorcycle,107.81,32.343577,37.980723,23.734993,43.4423,0.1412,0.071,753.0,
745,746, Car,93.72,28.115927,37.9807,23.734946,26.5431,0.0173,-0.074,753.0,
746,747, Car,75.59,24.296632,37.980752,23.735022,29.8668,0.0301,0.0433,753.8,
747,748, Car,89.08,30.253533,37.978307,23.73533,31.6993,0.0087,-0.0539,754.4,
748,749, Car,85.79,29.134937,37.98071,23.734977,33.76,0.044,0.1503,754.4,
749,750, Heavy Vehicle,67.99,24.9752,37.980746,23.735024,26.643,-0.0502,-0.0177,755.2,
750,751, Taxi,62.67,23.021009,37.980706,23.734937,25.1045,0.0207,-0.0141,755.2,
751,752, Motorcycle,94.46,35.423663,37.980701,23.734967,39.3509,0.0445,-0.2126,755.4,
752,753, Taxi,86.76,33.951409,37.980724,23.734976,30.8825,0.0033,0.1042,755.8,
753,754, Motorcycle,77.71,32.531366,37.978313,23.735328,34.4812,0.0053,-0.2656,756.4,
754,755, Motorcycle,61.24,27.557216,37.980753,23.735034,33.9843,0.0862,0.1025,757.0,
755,756, Car,48.15,24.073133,37.980752,23.735022,26.2699,-0.9206,-0.0706,757.8,
756,757, Car,57.09,29.358675,37.980713,23.734982,29.2432,-0.0731,-0.0043,758.0,
757,758, Car,47.69,26.012926,37.98072,23.734926,26.1715,0.0,0.0,758.4,
758,759, Medium Vehicle,42.37,29.335799,37.978296,23.73532,30.6186,0.0266,-0.2295,759.8,
759,760, Taxi,26.09,27.626198,37.978293,23.735308,29.563,0.0226,-0.0522,761.6,
760,761, Car,5.64,25.387158,37.9783,23.735303,26.7233,0.0,0.0,764.2,1.0
0,1, Car,25.59,5.549289,37.977353,23.737695,0.0,0.0,0.0,0.0,2.0
7,8, Car,168.51,25.704327,37.978203,23.737078,0.0,0.0,0.0,0.0,6.0
16,17, Medium Vehicle,117.35,4.725513,37.979437,23.736076,38.4291,-0.0473,0.1608,0.0,9.0
27,28, Motorcycle,112.09,12.610364,37.978506,23.738245,5.5442,-0.0065,-0.1818,0.0,18.0
38,39, Motorcycle,48.57,26.491766,37.979153,23.735273,26.3708,-0.0665,-0.1544,0.0,25.0
49,50, Motorcycle,154.07,16.40977,37.978314,23.736883,0.0,0.0,0.0,0.0,34.0
61,62, Car,63.45,7.513541,37.978496,23.738276,12.0333,0.0163,-0.2917,6.2,18.0
68,69, Medium Vehicle,508.44,39.110859,37.980733,23.734991,21.6545,-0.1327,0.0518,22.2,41.0
73,74, Motorcycle,222.0,10.21975,37.978816,23.7387,23.4419,0.0144,-0.1252,24.2,22.0
83,84, Motorcycle,277.55,16.708691,37.978305,23.735346,29.4762,0.0655,-0.0124,29.8,1.0
95,96, Motorcycle,377.0,36.484124,37.980739,23.735018,62.7162,0.0669,-0.1463,35.8,42.0
105,106, Medium Vehicle,386.66,20.53072,37.978315,23.735325,20.356,-0.0061,-0.0108,49.4,1.0
117,118, Motorcycle,131.81,5.689491,37.97836,23.737807,16.5692,-0.3363,0.0703,70.4,43.0
128,129, Bus,509.15,33.693755,37.980702,23.734957,33.9794,0.0522,0.0574,76.2,41.0
136,137, Taxi,175.58,5.486765,37.980701,23.734937,42.3199,0.0601,0.003,81.6,41.0
146,147, Taxi,270.64,12.786352,37.980694,23.734926,39.891,0.1728,0.0283,85.4,41.0
156,157, Car,475.38,39.251268,37.980732,23.734997,28.5087,0.1875,-0.0047,114.4,41.0
158,159, Car,474.75,34.045475,37.980743,23.735031,46.7652,0.092,-0.0624,116.2,42.0
159,160, Motorcycle,465.35,41.262567,37.980724,23.735003,33.0669,0.1411,0.0824,116.6,41.0
185,186, Car,382.7,17.617929,37.978311,23.735333,24.4938,-0.0029,-0.0448,133.0,1.0
198,199, Car,471.78,38.080712,37.980716,23.734971,37.6716,0.0976,-0.1297,159.2,41.0
204,205, Taxi,471.72,17.95129,37.980706,23.734959,36.1811,0.0216,-0.0116,167.0,41.0
208,209, Car,246.81,2.44498,37.978313,23.735338,36.3401,-0.0034,-0.0965,168.0,1.0
217,218, Motorcycle,383.57,12.198443,37.978312,23.735319,28.0727,0.0795,0.0389,175.0,1.0
228,229, Motorcycle,354.4,37.747124,37.978312,23.735344,80.9194,-0.4107,-0.0491,203.2,1.0
240,241, Car,363.82,15.742052,37.978304,23.735335,36.4452,-0.025,0.017,210.0,1.0
250,251, Taxi,271.09,25.682509,37.980714,23.734969,30.2452,-0.1152,0.0085,213.8,41.0
261,262, Medium Vehicle,380.99,17.858732,37.978319,23.735355,27.045,-0.0276,0.0134,222.4,1.0
263,264, Taxi,350.78,11.692689,37.978304,23.73535,21.5258,-0.1418,0.0127,224.8,1.0
264,265, Motorcycle,371.55,22.593978,37.978323,23.735331,37.3258,0.0405,0.0058,227.2,1.0
265,266, Taxi,234.11,10.129939,37.97831,23.73534,23.0507,0.0911,-0.0144,227.2,1.0
266,267, Car,392.69,21.484486,37.978307,23.735324,38.9416,-0.0186,0.0932,232.8,1.0
267,268, Car,339.58,13.317052,37.978303,23.735325,31.959,0.0103,-0.0759,241.2,1.0
268,269, Taxi,345.92,5.303776,37.978302,23.73533,25.6116,0.0027,-0.099,244.0,1.0
269,270, Motorcycle,187.48,8.951266,37.978303,23.735328,24.2563,-0.0377,-0.0509,245.0,1.0
270,271, Car,66.24,22.927739,37.980753,23.735027,33.1943,0.0142,-0.0069,245.6,42.0
271,272, Car,256.89,27.524107,37.980719,23.734968,24.432,0.0147,0.0064,246.0,41.0
272,273, Car,271.6,22.425615,37.980704,23.734937,22.9867,-0.02,-0.0055,246.6,41.0
273,274, Car,507.17,32.838068,37.980731,23.734999,25.2011,0.0191,-0.0649,247.0,41.0
274,275, Heavy Vehicle,144.68,12.000725,37.980637,23.734838,36.3594,0.035,-0.0504,248.0,37.0
275,276, Taxi,271.19,20.95013,37.980694,23.734911,18.1509,-0.0077,0.0258,248.2,37.0
276,277, Taxi,224.19,14.259135,37.980059,23.73694,22.6182,-0.0714,-0.0225,248.6,23.0
277,278, Car,508.13,35.314177,37.980732,23.734993,34.3185,0.1297,-0.1017,249.4,41.0
278,279, Car,228.54,12.855408,37.978318,23.735342,24.9794,-0.0001,0.0772,250.4,1.0
279,280, Car,507.76,33.601963,37.980734,23.734999,30.5495,0.0834,-0.0967,252.2,41.0
280,281, Medium Vehicle,508.87,34.827755,37.980751,23.735024,38.1639,0.0646,0.0463,252.4,42.0
281,282, Car,235.18,13.105756,37.978319,23.735339,25.5763,0.0233,0.0206,252.6,1.0
282,283, Car,29.46,5.467491,37.977631,23.737415,3.062,0.0454,-0.0011,253.4,40.0
